temp_extruder,temp_bed,max_x,max_y,max_z,max_speed,max_extrusion,fan_speed,num_commands,out_of_bounds_moves,label
0.0,0.0,0.0,0.0,0.0,0.0,0.0,0.0,1,0,0
0.0,0.0,0.0,0.0,0.0,0.0,0.0,0.0,1,0,0
200.0,60.0,132.202,220.0,10.0,9000.0,825.864,255.0,29031,0,0
210.0,60.0,218.697,220.0,28.84,9000.0,4165.88667,255.0,58490,0,0
200.0,50.0,176.998,235.0,10.0,9000.0,1729.30746,255.0,45921,1,0
210.0,55.0,196.499,220.0,10.0,9000.0,4158.37526,255.0,267042,0,0
215.0,60.0,229.494,235.0,19.0,9000.0,4141.84746,255.0,38276,57,0
215.0,60.0,185.651,154.248,9.4,7200.0,95.8033,255.0,346933,0,0
210.0,60.0,182.007,220.0,10.0,9000.0,4157.27412,255.0,211320,0,0
200.0,50.0,167.616,235.0,10.0,9000.0,1245.39265,255.0,20264,1,0
200.0,50.0,144.221,235.0,12.8,9000.0,909.20722,255.0,9506,1,0
210.0,55.0,143.718,235.0,12.8,9000.0,783.5961,255.0,10599,1,0
200.0,60.0,207.112,220.0,18.8,9000.0,2344.52435,255.0,82434,0,0
210.0,55.0,222.752,235.0,128.0,9000.0,4162.91425,255.0,509107,83,0
215.0,50.0,227.353,235.0,30.4,9000.0,4163.12329,255.0,193465,205,0
210.0,60.0,211.946,235.0,116.88,9000.0,4162.7405,255.0,601226,1,0
200.0,50.0,225.697,235.0,12.0,9000.0,4170.26882,255.0,18619,136,0
210.0,60.0,217.187,235.0,53.2,9000.0,4162.56783,255.0,738791,1,0
210.0,60.0,177.198,235.0,10.11,9000.0,4152.6121,255.0,249684,1,0
210.0,60.0,198.607,235.0,74.92,9000.0,4163.07031,255.0,365219,1,0
210.0,60.0,174.345,235.0,100.6,9000.0,4164.89522,255.0,858054,1,0
210.0,55.0,223.711,235.0,152.4,9000.0,4159.71333,255.0,942374,87,0
200.0,50.0,136.189,235.0,27.2,9000.0,1787.73907,255.0,68284,1,0
200.0,60.0,129.609,220.0,29.4,9000.0,1219.95206,255.0,49152,0,0
200.0,50.0,136.053,235.0,27.6,9000.0,1186.37848,255.0,52230,1,0
200.0,50.0,170.779,235.0,249.16,9000.0,4164.80041,255.0,443382,1,0
200.0,50.0,161.946,235.0,199.24,9000.0,4159.70027,255.0,398332,1,0
200.0,50.0,181.483,235.0,50.76,9000.0,4162.76498,255.0,440621,1,0
210.0,60.0,142.165,235.0,30.0,9000.0,4157.10165,255.0,164121,1,0
210.0,60.0,143.75,235.0,16.434,9000.0,1424.45118,255.0,41180,1,0
210.0,60.0,134.091,235.0,35.8,9000.0,488.63454,255.0,42753,1,0
210.0,60.0,220.54,235.0,22.8,9000.0,4162.589,255.0,622931,13,0
210.0,60.0,215.952,235.0,123.2,9000.0,4162.60425,255.0,1012033,1,0
210.0,60.0,231.604,235.0,27.96,6000.0,4157.59603,255.0,158350,8096,0
210.0,55.0,160.563,235.0,44.4,9000.0,4157.88804,255.0,505955,1,0
200.0,50.0,173.143,235.0,77.6,9000.0,4158.60227,255.0,218372,1,0
200.0,50.0,188.893,235.0,30.0,9000.0,4157.76268,255.0,178551,1,0
200.0,50.0,182.262,235.0,113.4,9000.0,4162.58533,255.0,311359,1,0
250.0,0.0,165.0,265.0,3.0,21000.0,40.0,255.0,51,8,0
250.0,0.0,120.0,265.0,3.0,21000.0,0.0,255.0,33,3,0
210.0,66.0,187.94,235.0,169.0,9000.0,4162.93586,255.0,826718,1,0
215.0,65.0,108.637,120.0,14.263,7200.0,2053.57971,255.0,41925,0,0
200.0,60.0,136.932,220.0,10.0,9000.0,2004.73806,255.0,52400,0,0
200.0,50.0,219.32,235.0,10.0,9000.0,4163.96225,255.0,44611,1,0
210.0,55.0,205.98,235.0,10.0,9000.0,3769.04854,255.0,33524,1,0
210.0,55.0,205.979,235.0,10.0,9000.0,4159.19006,255.0,55514,1,0
210.0,55.0,162.991,235.0,140.72,9000.0,4162.55241,255.0,1066421,1,0
205.0,60.0,158.992,235.0,12.0,9000.0,4157.59069,255.0,61664,1,0
250.0,30.0,125.495,220.0,10.0,15000.0,2938.26524,0.0,64437,0,0
200.0,50.0,165.731,235.0,62.4,9000.0,4157.97261,255.0,104764,1,0
210.0,60.0,157.05,235.0,28.6,9000.0,4157.79506,255.0,150328,1,0
210.0,60.0,210.929,235.0,114.2,9000.0,4162.62906,255.0,689055,1,0
200.0,60.0,171.502,220.0,14.89,9000.0,4157.23343,255.0,110185,0,0
210.0,60.0,144.248,220.0,11.8,9000.0,4155.58887,255.0,118178,0,0
210.0,55.0,137.341,235.0,45.0,9000.0,4159.20425,255.0,87879,1,0
210.0,55.0,137.341,235.0,45.0,9000.0,4159.20425,255.0,87879,1,0
210.0,50.0,143.5,235.0,45.0,10500.0,4158.66017,255.0,52799,1,0
205.0,60.0,160.109,220.004,10.0,10500.0,4158.9064,255.0,122327,15,0
210.0,60.0,144.248,220.0,11.8,9000.0,4157.53749,255.0,121344,0,0
210.0,60.0,222.213,235.0,45.48,9000.0,4162.93815,255.0,570063,74,0
210.0,60.0,172.963,235.0,60.24,9000.0,4162.99239,255.0,838739,1,0
210.0,55.0,179.509,235.0,10.0,9000.0,4157.54866,255.0,106479,1,0
210.0,60.0,180.627,220.0,47.6,9000.0,4159.01219,255.0,1035939,0,0
210.0,60.0,211.0,300.0,10.28,9000.0,4157.52124,255.0,50850,1,0
200.0,50.0,140.8,235.0,25.48,9000.0,4157.88863,255.0,17944,1,0
200.0,60.0,172.053,235.0,19.92,9000.0,4153.71186,255.0,152979,1,0
200.0,60.0,141.755,235.0,19.92,9000.0,4155.78459,255.0,265784,1,0
210.0,50.0,166.951,235.0,38.2,10500.0,4157.59791,255.0,44257,1,0
210.0,60.0,217.187,235.0,53.2,9000.0,4162.56518,255.0,761528,1,0
200.0,60.0,152.108,235.0,28.56,6000.0,4157.52637,255.0,732362,1,0
210.0,60.0,175.231,235.0,13.14,9000.0,4153.64234,255.0,377149,1,0
200.0,60.0,140.996,235.0,10.0,9000.0,2826.42113,255.0,59713,1,0
210.0,60.0,152.824,235.0,71.0,9000.0,4157.55045,255.0,143315,1,0
215.0,60.0,155.756,235.0,44.67,9000.0,2198.66399,255.0,210523,1,0
200.0,60.0,158.6,235.0,10.0,6000.0,3929.34414,255.0,170828,1,0
228.0,0.0,145.833,235.0,10.0,9000.0,1578.38496,255.0,36334,1,0
210.0,62.0,137.314,235.0,21.4,9000.0,1245.73115,255.0,139188,1,0
240.0,80.0,183.452,235.0,228.6,9000.0,4164.50717,0.0,895475,1,0
210.0,60.0,194.804,235.0,10.0,9000.0,4166.42098,255.0,21372,90,0
210.0,60.0,178.5,235.0,10.16,9000.0,4170.84149,255.0,9180,1,0
210.0,60.0,179.0,235.0,10.28,9000.0,4160.99557,255.0,40068,1,0
210.0,60.0,170.212,235.0,50.0,9000.0,4164.90291,255.0,190154,1,0
210.0,60.0,173.799,235.0,110.16,6000.0,4161.55485,255.0,1577529,1,0
210.0,55.0,159.331,235.0,140.2,9000.0,4154.23537,255.0,92475,1,0
200.0,60.0,148.928,235.0,16.1,9000.0,2663.61589,255.0,51430,1,0
200.0,60.0,147.11,235.0,27.9,9000.0,4155.93307,255.0,133311,1,0
200.0,50.0,220.55,235.0,141.0,9000.0,4162.76107,255.0,4004295,14,0
210.0,60.0,238.495,235.0,50.8,9000.0,4163.02218,255.0,609470,2180,0
210.0,55.0,160.563,235.0,44.4,9000.0,4157.88393,255.0,505965,1,0
200.0,60.0,164.427,235.0,42.76,6000.0,4161.53288,255.0,1285156,1,0
210.0,60.0,109.099,235.0,32.52,9000.0,4157.64426,255.0,361415,1,0
210.0,50.0,192.61,235.0,15.8,10500.0,4158.52537,255.0,74764,1,0
210.0,55.0,137.341,235.0,45.0,9000.0,4159.20425,255.0,87879,1,0
210.0,66.0,175.11,235.0,169.0,9000.0,4163.16103,255.0,822012,1,0
200.0,60.0,138.225,235.0,23.16,9000.0,2458.88661,255.0,148804,1,0
200.0,60.0,186.182,235.0,17.16,6000.0,4157.65884,255.0,193225,1,0
200.0,60.0,177.407,235.0,95.76,6000.0,4161.54736,255.0,184129,1,0
50.0,100.0,159.95,235.0,10.0,9000.0,1437.42336,255.0,3159,1,0
200.0,60.0,176.34,235.0,63.24,6000.0,4158.15357,255.0,880603,1,0
210.0,60.0,160.381,235.0,19.08,9000.0,1161.25696,255.0,63942,1,0
200.0,50.0,171.469,235.0,94.8,9000.0,4162.59801,255.0,384263,1,0
210.0,60.0,162.499,235.0,10.0,9000.0,2782.7454,255.0,51891,1,0
200.0,50.0,193.09,235.0,21.0,9000.0,4163.04959,255.0,61638,66,0
210.0,62.0,139.307,235.0,23.9,9000.0,2106.19275,255.0,178168,1,0
215.0,60.0,150.97,235.0,68.8,9000.0,4157.66901,255.0,381750,1,0
200.0,60.0,192.8,235.0,110.16,6000.0,4162.00314,255.0,999945,1,0
210.0,60.0,221.456,235.0,101.6,9000.0,4167.34234,255.0,266227,15,0
210.0,55.0,215.937,235.0,10.0,9000.0,4158.51329,255.0,182442,38,0
210.0,60.0,190.235,235.0,50.8,9000.0,4162.56089,255.0,296677,1,0
220.0,60.0,186.708,235.0,228.6,9000.0,4165.52379,255.0,855962,1,0
205.0,60.0,186.515,235.0,228.6,9000.0,4163.69514,255.0,854734,1,0
210.0,60.0,139.1,235.0,15.5,9000.0,388.4356,255.0,15735,1,0
200.0,60.0,167.561,235.0,55.16,9000.0,4163.3691,255.0,426587,1,0
200.0,50.0,154.804,235.0,10.0,9000.0,1626.32753,255.0,51665,1,0
200.0,50.0,186.711,235.0,10.0,9000.0,1410.64089,255.0,32398,1,0
200.0,60.0,169.518,235.0,23.24,9000.0,4157.74434,255.0,192227,1,0
200.0,60.0,158.797,235.0,11.76,9000.0,4157.87302,255.0,129043,1,0
210.0,60.0,191.99,235.0,22.2,9000.0,4164.2298,255.0,43239,1,0
210.0,50.0,169.66,235.0,10.0,9000.0,2855.05338,255.0,85408,1,0
200.0,50.0,154.764,235.0,26.0,9000.0,4157.52846,255.0,212994,1,0
210.0,60.0,189.216,235.0,59.16,9000.0,4163.41841,255.0,187462,1,0
210.0,50.0,160.25,235.0,51.36,7200.0,4157.61871,255.0,54476,1,0
210.0,60.0,196.554,235.0,30.6,9000.0,4166.67589,255.0,81217,1,0
210.0,60.0,125.926,235.0,15.6,9750.0,510.88642,255.0,26653,1,0
210.0,60.0,185.389,235.0,38.2,9000.0,4163.38066,255.0,96119,1,0
200.0,50.0,169.319,235.0,15.8,9000.0,3541.17414,255.0,79136,1,0
200.0,50.0,144.375,235.0,10.0,9000.0,2454.23519,255.0,19706,1,0
200.0,50.0,171.169,235.0,76.2,9000.0,4163.34209,255.0,261039,1,0
210.0,65.0,146.828,235.0,10.0,9000.0,676.83702,255.0,24815,1,0
210.0,60.0,213.985,235.0,10.0,9000.0,4158.65077,255.0,156253,1,0
210.0,60.0,166.436,235.0,36.0,9000.0,4163.27816,255.0,499583,1,0
200.0,50.0,178.605,235.0,122.7,9000.0,4162.87969,255.0,249078,1,0
210.0,60.0,218.9,235.0,53.4,9000.0,4162.53419,255.0,380876,1,0
200.0,50.0,138.0,235.0,19.0,9000.0,954.82188,255.0,11832,1,0
200.0,50.0,227.05,235.0,71.12,9000.0,4163.26844,255.0,132831,370,0
200.0,60.0,169.877,235.0,23.36,9000.0,4157.51916,255.0,132295,1,0
200.0,60.0,189.89,235.0,22.96,6000.0,4160.01944,255.0,460252,1,0
200.0,50.0,151.582,235.0,10.0,9000.0,2921.39411,255.0,41896,1,0
210.0,60.0,188.507,235.0,37.6,9000.0,4157.57644,255.0,200322,1,0
210.0,60.0,191.516,235.0,71.8,9000.0,3894.28335,255.0,51254,1,0
200.0,60.0,155.846,235.0,156.5,9000.0,4161.61825,255.0,335008,1,0
210.0,60.0,182.35,235.0,10.0,9000.0,4157.66877,255.0,88599,1,0
210.0,60.0,188.482,235.0,76.2,9000.0,4158.241,255.0,64232,1,0
0.0,0.0,0.0,0.0,0.0,0.0,0.0,0.0,0,0,0
210.0,60.0,193.3,235.0,47.32,15000.0,4162.92303,255.0,100030,1,0
210.0,60.0,190.153,235.0,180.04,15000.0,4166.15613,255.0,571272,8188,0
200.0,60.0,174.576,220.0,10.0,8250.0,394.02462,85.0,6811,0,0
210.0,55.0,119.93,220.0,10.0,9000.0,392.9052,255.0,15168,0,0
210.0,60.0,118.422,220.0,10.0,9000.0,2630.53266,255.0,82352,0,0
200.0,60.0,215.5,220.0,29.2,9000.0,4160.90775,255.0,731824,0,0
200.0,60.0,142.402,220.0,52.2,9000.0,4157.54145,255.0,56870,0,0
200.0,60.0,141.499,220.0,10.0,9000.0,2322.56788,255.0,84474,0,0
215.0,60.0,191.878,220.0,118.4,9000.0,4163.6683,255.0,469314,0,0
200.0,60.0,216.25,220.0,118.4,9000.0,4163.24174,255.0,2062443,0,0
210.0,60.0,213.0,220.0,133.48,9000.0,4171.85305,255.0,1855358,0,0
210.0,60.0,213.35,220.0,140.8,9000.0,4164.89241,255.0,892206,0,0
210.0,60.0,213.35,220.0,147.6,9000.0,4166.30559,255.0,916665,0,0
210.0,60.0,213.35,220.0,155.4,9000.0,4166.42914,255.0,902587,0,0
210.0,60.0,213.35,220.0,162.6,9000.0,4166.49536,255.0,939018,0,0
210.0,60.0,213.3,220.0,169.6,9000.0,4166.66888,255.0,978497,0,0
210.0,60.0,213.35,220.0,177.4,9000.0,4166.23781,255.0,1343356,0,0
200.0,60.0,152.239,220.0,23.4,9000.0,4158.01869,255.0,59243,0,0
210.0,60.0,167.813,220.0,10.0,9000.0,2399.12283,255.0,61745,0,0
200.0,60.0,214.548,220.0,38.2,9000.0,4159.6297,255.0,620548,0,0
200.0,60.0,152.239,220.0,23.6,9000.0,4161.86838,255.0,273865,0,0
200.0,60.0,138.635,220.0,20.4,9000.0,2058.46131,255.0,101584,0,0
200.0,60.0,177.384,220.0,10.0,9000.0,4157.65564,255.0,174847,0,0
210.0,60.0,135.213,220.0,10.0,9000.0,149.46727,255.0,7631,0,0
210.0,60.0,125.824,220.0,29.8,9000.0,1024.15323,255.0,30082,0,0
200.0,60.0,164.345,220.0,52.6,9000.0,4160.51036,255.0,116917,0,0
210.0,60.0,212.62,220.0,101.6,9000.0,4162.19415,255.0,4584309,0,0
210.0,60.0,172.3,220.0,17.8,9000.0,4157.75903,255.0,567464,0,0
210.0,60.0,167.813,220.0,10.0,9000.0,2184.31985,255.0,54615,0,0
210.0,50.0,138.7,220.0,29.8,9000.0,1124.21579,255.0,35729,0,0
210.0,60.0,203.825,220.0,63.56,9000.0,4160.11658,255.0,30422,0,0
200.0,60.0,206.713,220.0,10.0,9000.0,4158.8897,255.0,421263,0,0
210.0,60.0,161.545,220.0,20.0,9000.0,4157.53094,255.0,251427,0,0
210.0,50.0,128.293,235.0,25.4,9000.0,1061.07979,255.0,77951,1,0
210.0,60.0,178.233,235.0,138.6,9000.0,4163.62332,255.0,1401526,1,0
215.0,60.0,232.978,235.0,133.066,9000.0,4162.73124,255.0,1513429,1306,0
200.0,50.0,218.154,235.0,27.0,9000.0,4158.6501,255.0,449008,1,0
215.0,50.0,151.515,235.0,28.4,9000.0,3181.51174,255.0,28641,1,0
215.0,50.0,171.643,235.0,60.69,9000.0,4163.78589,255.0,45747,1,0
215.0,50.0,167.477,235.0,59.6,9000.0,4163.48252,255.0,44903,1,0
210.0,60.0,147.679,235.0,22.12,6000.0,3064.61145,255.0,66978,1,0
210.0,60.0,136.847,220.0,33.4,9000.0,4158.40885,255.0,207053,0,0
210.0,60.0,132.095,220.0,24.6,9000.0,3373.82373,255.0,102678,0,0
225.0,50.0,171.01,123.908,25.4,7200.0,60.32299,255.0,247912,0,0
200.0,50.0,158.992,235.0,12.0,9000.0,4157.63651,255.0,59115,1,0
200.0,50.0,178.989,235.0,20.0,9000.0,4162.96059,255.0,127712,1,0
200.0,50.0,141.2,235.0,25.48,9000.0,4158.23481,255.0,18222,1,0
200.0,50.0,141.2,235.0,25.48,9000.0,4158.23481,255.0,18222,1,0
210.0,60.0,209.363,235.0,78.8,9000.0,4163.16004,255.0,404435,1,0
210.0,55.0,181.202,235.0,41.2,9000.0,4158.75593,255.0,154142,1,0
210.0,60.0,150.117,235.0,57.0,9000.0,4153.87942,255.0,235786,1,0
210.0,55.0,187.906,235.0,10.0,9000.0,4157.5187,255.0,212322,1,0
215.0,60.0,142.992,235.0,10.0,9000.0,1186.14298,255.0,18701,1,0
200.0,50.0,149.143,235.0,16.4,9000.0,1563.4706,255.0,30277,1,0
200.0,50.0,139.31,235.0,10.0,9000.0,753.72213,255.0,27264,1,0
200.0,50.0,152.614,235.0,10.0,9000.0,4157.53355,255.0,111837,1,0
200.0,50.0,142.731,235.0,10.0,9000.0,2189.20196,255.0,122073,1,0
215.0,50.0,167.583,235.0,32.0,9000.0,4159.67279,255.0,204381,1,0
205.0,55.0,215.513,235.0,31.8,9000.0,4164.76229,255.0,505416,1,0
215.0,55.0,204.727,235.0,75.08,9000.0,4164.93076,255.0,258862,1,0
200.0,60.0,155.925,220.0,69.8,9000.0,4158.98691,255.0,279003,0,0
210.0,55.0,197.294,235.0,73.0,9000.0,4163.92179,255.0,368925,1,0
205.0,55.0,207.256,235.0,20.0,9000.0,4163.15407,255.0,136971,1,0
215.0,60.0,180.54,189.009,54.9,7200.0,2125.49296,255.0,296073,0,0
200.0,50.0,135.978,235.0,26.0,9000.0,791.38361,255.0,38003,1,0
210.0,55.0,179.699,235.0,11.0,9000.0,4159.22231,255.0,81728,1,0
210.0,60.0,182.8,235.0,37.6,9000.0,4164.42448,255.0,241118,17,0
210.0,60.0,150.599,203.817,150.0,9000.0,10.0,255.0,59111,0,0
210.0,60.0,193.28,235.0,80.6,9000.0,4163.05115,255.0,841185,37,0
210.0,55.0,152.1,235.0,32.6,9000.0,3978.74004,255.0,54460,1,0
210.0,55.0,218.691,235.0,80.6,9000.0,4162.52028,255.0,313627,1,0
210.0,50.0,176.45,235.0,11.0,9000.0,4162.61482,255.0,383518,1,0
210.0,60.0,162.427,235.0,12.2,9000.0,3647.3441,255.0,160043,1,0
200.0,50.0,144.685,235.0,10.0,9000.0,2125.34955,255.0,40637,1,0
200.0,50.0,162.933,235.0,13.0,9000.0,4157.7029,255.0,137443,1,0
200.0,50.0,188.5,235.0,13.0,9000.0,4158.0301,255.0,160752,1,0
210.0,60.0,203.085,235.0,22.6,9000.0,4159.58694,255.0,171419,1,0
225.0,50.0,140.985,235.0,32.52,9000.0,4157.52059,255.0,401831,1,0
210.0,55.0,204.579,235.0,10.0,9000.0,4158.23196,255.0,182833,1,0
210.0,50.0,169.66,235.0,10.0,9000.0,2855.05338,255.0,85408,1,0
210.0,55.0,144.685,235.0,10.0,10500.0,1939.56985,255.0,47117,1,0
210.0,55.0,173.255,235.0,60.0,9000.0,4157.52379,255.0,187452,1,0
210.0,55.0,216.187,235.0,10.0,9000.0,4158.59302,255.0,139381,41,0
210.0,60.0,155.059,235.0,49.64,9000.0,4154.23755,255.0,565585,1,0
215.0,60.0,138.101,235.0,16.0,9000.0,4155.42134,255.0,142806,1,0
215.0,60.0,228.064,235.0,45.0,9000.0,4163.54033,255.0,544636,86,0
215.0,60.0,204.044,235.0,45.0,9000.0,4163.08003,255.0,533072,1,0
200.0,50.0,162.246,235.0,31.8,9000.0,4157.65214,255.0,61572,1,0
200.0,50.0,144.186,235.0,10.0,9000.0,1880.53276,255.0,49247,1,0
205.0,60.0,147.289,235.0,48.08,9000.0,3717.36994,255.0,102120,1,0
200.0,60.0,138.3,235.0,16.76,7200.0,1971.94679,255.0,42164,1,0
210.0,60.0,204.547,235.0,93.89,9000.0,4163.57274,255.0,1199786,1,0
210.0,50.0,165.72,235.0,58.11,9000.0,4157.66014,255.0,263109,1,0
215.0,50.0,156.543,235.0,29.315,9000.0,4152.75429,255.0,194247,1,0
200.0,50.0,168.438,235.0,213.88,9000.0,4158.88424,255.0,1126969,1,0
210.0,60.0,140.93,235.0,73.56,9000.0,4158.09266,255.0,282203,1,0
210.0,60.0,164.773,235.0,88.92,9000.0,4157.75529,255.0,284501,1,0
215.0,60.0,152.345,220.0,35.8,9000.0,4154.15111,255.0,403140,0,0
210.0,60.0,172.862,235.0,16.6,9000.0,4161.1787,255.0,35617,1,0
210.0,60.0,202.694,235.0,12.8,9000.0,4157.88241,255.0,43302,1,0
210.0,60.0,166.538,235.0,20.2,9000.0,4157.88507,255.0,60325,1,0
210.0,60.0,184.36,235.0,47.8,9000.0,4159.34515,255.0,89912,1,0
200.0,50.0,182.35,235.0,10.0,9000.0,4157.67004,255.0,88605,1,0
210.0,60.0,148.094,220.0,10.0,9000.0,815.87124,255.0,12274,0,0
210.0,60.0,201.082,220.0,18.0,9000.0,4161.06116,255.0,129479,0,0
210.0,60.0,146.886,235.0,10.8,12000.0,1245.87581,255.0,21004,1,0
210.0,55.0,167.231,235.0,46.2,9000.0,4162.55452,255.0,877560,1,0
210.0,50.0,173.182,235.0,92.6,9000.0,4165.16066,255.0,1244650,1,0
215.0,60.0,160.549,235.0,99.6,9000.0,4162.54394,255.0,879928,1,0
210.0,60.0,162.651,235.0,92.6,9000.0,4162.57252,255.0,779920,1,0
215.0,55.0,165.934,235.0,69.6,9000.0,4152.73129,255.0,215872,1,0
200.0,50.0,156.696,235.0,21.2,9000.0,4158.08711,255.0,38106,1,0
200.0,60.0,220.438,235.0,61.8,9000.0,4162.54745,255.0,1101564,15,0
200.0,50.0,196.05,235.0,23.3,9000.0,4163.30419,255.0,127767,1,0
210.0,60.0,144.182,235.0,10.0,9000.0,1881.32145,255.0,50288,1,0
215.0,60.0,206.134,235.0,103.0,9000.0,4164.47228,255.0,612691,1,0
210.0,60.0,146.767,235.0,17.2,9000.0,2956.10319,255.0,80306,1,0
200.0,50.0,193.064,235.0,143.2,9000.0,4162.67076,255.0,1059962,1,0
200.0,50.0,190.02,235.0,128.4,9000.0,4162.54961,255.0,653410,1,0
200.0,50.0,197.992,235.0,131.8,9000.0,4162.71457,255.0,751312,1,0
200.0,50.0,201.005,235.0,89.6,9000.0,4162.53816,255.0,502995,1,0
200.0,50.0,191.67,235.0,143.2,9000.0,4162.58019,255.0,1076500,1,0
200.0,50.0,194.456,235.0,128.4,9000.0,4162.53078,255.0,673704,1,0
200.0,50.0,190.276,235.0,131.8,9000.0,4157.93734,255.0,752037,1,0
200.0,50.0,188.621,235.0,89.6,9000.0,4162.58584,255.0,493018,1,0
210.0,60.0,125.714,193.8,150.0,9000.0,10.0,255.0,153987,0,0
210.0,60.0,128.681,193.8,150.0,9000.0,10.0,255.0,158267,0,0
210.0,60.0,169.59,235.0,28.6,9000.0,4160.27027,255.0,59526,1,0
210.0,60.0,154.901,235.0,12.72,9000.0,4159.58966,255.0,146741,1,0
210.0,60.0,214.5,235.0,57.2,9000.0,4165.23283,255.0,268056,1,0
210.0,60.0,214.5,235.0,10.2,9000.0,4161.54848,255.0,87073,1,0
210.0,60.0,136.601,220.0,10.92,9000.0,619.93313,255.0,16584,0,0
210.0,60.0,221.04,235.0,30.4,9000.0,4158.42604,255.0,259081,39,0
210.0,55.0,142.773,235.0,35.81,9000.0,1709.89116,255.0,57359,1,0
200.0,60.0,178.968,220.0,19.12,9000.0,4159.63953,255.0,401857,0,0
200.0,50.0,158.742,235.0,14.0,9000.0,4158.70114,255.0,109344,1,0
200.0,50.0,231.313,235.0,18.8,9000.0,4164.47587,255.0,139347,376,0
210.0,55.0,171.123,235.0,33.75,9000.0,4165.44806,255.0,132281,1,0
210.0,55.0,186.544,235.0,37.05,9000.0,4162.62926,255.0,281900,1,0
210.0,60.0,135.723,235.0,42.76,7200.0,4161.52187,255.0,836625,1,0
220.0,60.0,180.546,235.0,26.0,9000.0,4154.57547,255.0,334456,1,0
200.0,50.0,226.605,235.0,38.44,9000.0,4158.47745,255.0,605965,4514,0
210.0,50.0,157.872,235.0,54.8,9000.0,4156.28159,255.0,359049,1,0
210.0,60.0,193.246,235.0,59.4,9000.0,4157.53431,255.0,743096,1,0
200.0,60.0,197.564,235.0,49.56,9000.0,4161.52288,255.0,287353,1,0
200.0,50.0,208.599,235.0,25.4,9000.0,4159.67908,255.0,101754,1,0
205.0,55.0,221.768,235.0,19.0,9750.0,4163.55104,255.0,78615,28,0
205.0,55.0,209.032,235.0,25.4,9750.0,4160.10632,255.0,99335,1,0
205.0,50.0,154.698,235.0,151.4,9000.0,4157.56714,255.0,281256,1,0
200.0,50.0,184.628,235.0,114.4,9000.0,4163.02265,255.0,458736,1,0
200.0,50.0,153.32,235.0,151.6,9000.0,4157.67947,255.0,216827,1,0
210.0,60.0,152.82,235.0,151.6,9000.0,4162.58171,255.0,377565,1,0
215.0,50.0,221.481,235.0,43.85,9000.0,4162.79478,255.0,344146,18,0
215.0,50.0,168.944,235.0,10.0,9000.0,3532.39523,255.0,34775,1,0
215.0,50.0,156.318,235.0,10.0,9000.0,750.21609,255.0,8474,1,0
215.0,50.0,210.568,235.0,55.85,9000.0,4163.25898,255.0,511419,1,0
215.0,50.0,153.27,235.0,17.75,9000.0,4157.55034,255.0,72751,1,0
210.0,60.0,213.815,235.0,10.0,9000.0,4162.56212,255.0,758596,1,0
215.0,60.0,155.805,235.0,10.0,9000.0,4157.53431,255.0,246410,1,0
210.0,60.0,159.894,235.0,10.0,9000.0,4152.68964,255.0,210980,1,0
230.0,60.0,149.0,235.0,19.0,9000.0,3551.79833,255.0,106273,1,0
230.0,60.0,164.466,235.0,10.0,9000.0,3664.63309,255.0,153977,1,0
215.0,60.0,161.982,235.0,10.0,9000.0,4162.73515,255.0,320059,1,0
205.0,60.0,153.9,235.0,10.0,9750.0,1423.66858,255.0,38979,1,0
230.0,60.0,159.903,235.0,10.0,9000.0,4157.70604,255.0,266563,1,0
210.0,60.0,199.077,235.0,51.89,9000.0,4163.32919,255.0,820516,1,0
210.0,60.0,223.904,235.0,70.09,9000.0,4162.58997,255.0,1625126,342,0
210.0,60.0,227.106,235.0,70.09,9000.0,4164.13533,255.0,1613269,498,0
200.0,50.0,178.48,235.0,45.92,9000.0,4164.9682,255.0,485859,1,0
210.0,60.0,143.567,235.0,33.7,9000.0,1677.09499,255.0,238516,1,0
210.0,62.0,148.241,235.0,34.44,9000.0,2121.38762,255.0,239126,1,0
200.0,50.0,178.375,235.0,45.92,9000.0,4162.61536,255.0,385358,1,0
210.0,60.0,179.455,235.0,52.11,9000.0,4162.57571,255.0,1481920,1,0
210.0,55.0,137.958,220.0,13.6,9000.0,4161.42358,255.0,170912,0,0
220.0,60.0,184.169,235.0,27.4,9000.0,4163.00836,255.0,529085,1,0
220.0,60.0,190.129,235.0,27.4,9000.0,4162.99889,255.0,380381,1,0
205.0,50.0,214.273,235.0,79.1,12000.0,4157.5622,255.0,452793,1,0
210.0,55.0,230.02,235.0,26.6,9000.0,4163.81179,255.0,365879,176,0
210.0,60.0,174.211,220.0,33.0,9000.0,4158.34502,255.0,538461,0,0
210.0,60.0,211.019,235.0,92.8,9000.0,4164.01055,255.0,407508,1,0
210.0,60.0,207.5,235.0,169.4,9000.0,4166.23907,255.0,289903,1,0
210.0,60.0,233.409,235.0,92.6,9000.0,4168.77018,255.0,1251558,482,0
210.0,60.0,144.56,235.0,39.89,9000.0,4157.95323,255.0,276089,1,0
210.0,60.0,139.388,235.0,10.674,9000.0,879.51071,255.0,20112,1,0
210.0,60.0,143.855,235.0,38.89,9000.0,4157.58552,255.0,183817,1,0
205.0,55.0,134.319,220.0,26.76,9000.0,839.77964,255.0,45054,0,0
205.0,55.0,130.613,220.0,39.4,9000.0,1015.68421,255.0,59676,0,0
200.0,60.0,144.676,220.0,27.88,9000.0,4104.26648,255.0,136581,0,0
205.0,55.0,133.1,220.0,55.4,9000.0,1474.73234,255.0,68343,0,0
210.0,60.0,143.8,235.0,53.0,9000.0,4163.27594,255.0,65866,1,0
210.0,60.0,151.798,235.0,101.6,9000.0,4157.52889,255.0,299894,1,0
210.0,60.0,222.407,235.0,50.8,9000.0,4163.65327,255.0,122583,86,0
210.0,60.0,217.531,235.0,10.0,9000.0,4165.00216,255.0,65785,1,0
210.0,60.0,144.186,235.0,10.0,9000.0,1880.54138,255.0,49257,1,0
215.0,60.0,157.147,235.0,112.8,9000.0,4162.57097,255.0,690624,1,0
210.0,55.0,214.227,235.0,24.72,9000.0,4162.77104,255.0,191370,33,0
210.0,60.0,194.381,235.0,22.2,9000.0,4157.87834,255.0,75629,1,0
210.0,60.0,172.879,235.0,31.0,9000.0,4157.64668,255.0,110804,1,0
210.0,60.0,208.985,235.0,105.0,9000.0,4163.02859,255.0,504801,1,0
200.0,55.0,187.7,220.0,30.92,9000.0,4157.88129,255.0,644540,0,0
210.0,60.0,146.073,235.0,43.8,9000.0,4153.16565,255.0,121234,1,0
200.0,50.0,209.026,235.0,10.0,9000.0,4158.05504,255.0,65589,1,0
210.0,55.0,202.599,235.0,20.0,9000.0,4162.90525,255.0,190250,1,0
210.0,60.0,144.728,235.0,42.89,9000.0,4157.7092,255.0,253040,1,0
210.0,50.0,159.98,235.0,68.6,9000.0,4153.6615,255.0,192180,1,0
215.0,60.0,149.488,235.0,12.8,9000.0,847.67701,255.0,19384,1,0
200.0,50.0,230.082,235.0,27.0,9000.0,4162.82861,255.0,203378,175,0
200.0,50.0,160.8,235.0,60.0,9000.0,4160.88023,255.0,414957,1,0
200.0,50.0,183.996,235.0,105.0,9000.0,4163.42792,255.0,1026531,1,0
200.0,50.0,174.633,235.0,69.48,9000.0,4157.57475,255.0,212635,1,0
200.0,50.0,173.577,235.0,83.2,9000.0,4162.52281,255.0,630929,1,0
200.0,50.0,174.446,235.0,83.2,9000.0,4164.66597,255.0,732458,1,0
200.0,60.0,181.284,220.0,76.0,9000.0,4158.17857,255.0,463477,0,0
200.0,50.0,169.567,235.0,20.0,9000.0,4157.57118,255.0,264354,1,0
200.0,50.0,183.499,235.0,75.0,9000.0,4157.92403,255.0,358234,1,0
200.0,50.0,183.5,235.0,110.0,9000.0,4158.50336,255.0,241080,42,0
200.0,50.0,188.456,235.0,108.28,9000.0,4163.98332,255.0,196714,1,0
200.0,50.0,188.456,235.0,108.4,9000.0,4159.19447,255.0,194806,1,0
200.0,50.0,150.931,235.0,13.92,9000.0,2724.55709,255.0,203779,1,0
200.0,50.0,149.421,235.0,14.76,9000.0,3291.20726,255.0,200658,1,0
200.0,50.0,155.248,235.0,14.8,9000.0,3084.87997,255.0,117551,1,0
200.0,50.0,164.0,235.0,50.04,9000.0,4162.58881,255.0,287331,1,0
200.0,60.0,212.375,220.0,15.0,9000.0,4159.15484,255.0,330529,0,0
200.0,50.0,143.212,235.0,15.4,9000.0,4152.54935,255.0,51482,1,0
200.0,50.0,221.748,235.0,59.92,9000.0,4162.17105,255.0,188888,43,0
200.0,50.0,223.255,235.0,60.0,9000.0,4162.31827,255.0,201515,60,0
210.0,60.0,230.877,235.0,127.0,9000.0,4163.13997,255.0,246840,325,0
200.0,50.0,198.29,235.0,70.0,9000.0,4162.53435,255.0,586422,1,0
200.0,50.0,233.499,235.0,76.2,9000.0,4163.85093,255.0,576243,1536,0
200.0,50.0,200.25,235.0,30.0,9000.0,4163.33836,255.0,140122,1,0
200.0,50.0,166.65,235.0,22.6,9000.0,4157.53005,255.0,87778,1,0
200.0,50.0,190.639,235.0,74.4,9000.0,4162.52721,255.0,698938,1,0
200.0,50.0,212.24,235.0,59.96,9000.0,4162.15706,255.0,165225,32,0
200.0,50.0,190.979,235.0,12.24,9000.0,4157.52118,255.0,299669,1,0
200.0,50.0,186.23,235.0,63.4,9000.0,4163.13466,255.0,418702,1,0
200.0,50.0,186.23,235.0,63.4,9000.0,4162.8476,255.0,363554,1,0
210.0,55.0,208.998,235.0,10.0,9000.0,4162.65625,255.0,44887,24,0
200.0,50.0,196.458,235.0,37.2,9000.0,4162.53275,255.0,568094,1,0
200.0,50.0,183.999,235.0,75.0,9000.0,4162.69535,255.0,341348,1,0
200.0,50.0,182.8,235.0,130.0,9000.0,4162.56467,255.0,267038,1,0
200.0,50.0,182.8,235.0,130.0,9000.0,4162.56453,255.0,267068,1,0
200.0,50.0,201.363,235.0,69.4,9000.0,4164.13191,255.0,790631,1,0
200.0,60.0,150.537,220.0,47.2,9000.0,4158.05165,255.0,137721,0,0
200.0,60.0,150.57,220.0,47.2,9000.0,4157.7792,255.0,125682,0,0
200.0,50.0,179.963,235.0,19.6,9000.0,4157.72344,255.0,89639,1,0
200.0,50.0,216.387,235.0,10.0,9000.0,4154.34471,255.0,202501,1,0
200.0,50.0,216.887,235.0,10.0,9000.0,4157.52102,255.0,177451,1,0
200.0,50.0,134.749,235.0,65.0,9000.0,4154.42686,255.0,100687,1,0
200.0,50.0,207.971,235.0,40.0,9000.0,4162.61317,255.0,227567,1,0
200.0,50.0,171.289,235.0,40.0,9000.0,4157.83422,255.0,133307,1,0
200.0,60.0,214.998,220.0,40.4,9000.0,4160.13418,255.0,456427,0,0
200.0,60.0,212.21,220.0,40.4,9000.0,4161.20738,255.0,433128,0,0
200.0,50.0,186.5,235.0,50.0,9000.0,4164.39851,255.0,146922,1,0
200.0,50.0,186.0,235.0,50.0,9000.0,4160.69279,255.0,187832,1,0
200.0,50.0,158.75,235.0,15.0,9000.0,4158.12368,255.0,99450,1,0
230.0,70.0,194.549,235.0,12.8,9000.0,4154.29514,255.0,80999,1,0
230.0,70.0,213.042,235.0,12.8,9000.0,4157.73558,255.0,109866,1,0
230.0,70.0,201.541,235.0,12.8,9000.0,4157.75637,255.0,132071,1,0
230.0,70.0,171.419,235.0,12.8,9000.0,2200.8846,255.0,30020,1,0
230.0,70.0,157.74,235.0,33.8,9000.0,4157.68969,255.0,228730,1,0
230.0,70.0,206.636,235.0,12.8,9000.0,4154.18422,255.0,94793,1,0
200.0,50.0,188.719,235.0,22.6,9000.0,4162.39644,255.0,568433,1,0
210.0,60.0,229.438,235.0,169.4,9000.0,4167.67416,255.0,131190,202,0
210.0,60.0,184.3,235.0,197.8,9000.0,4165.76128,255.0,250947,1,0
210.0,60.0,207.5,235.0,197.0,9000.0,4169.84212,255.0,207666,1,0
210.0,60.0,226.17,235.0,95.9,9000.0,4166.56965,255.0,253720,396,0
210.0,55.0,144.182,235.0,10.0,9000.0,1884.36934,255.0,53485,1,0
200.0,50.0,163.392,235.0,45.8,9000.0,4158.39539,255.0,40590,1,0
210.0,60.0,148.268,235.0,39.49,9000.0,4157.64532,255.0,276045,1,0
210.0,55.0,164.613,235.0,77.8,9000.0,4162.53324,255.0,1102135,1,0
205.0,60.0,144.186,235.0,10.0,9000.0,1881.62081,255.0,49732,1,0
200.0,50.0,170.694,235.0,26.0,9000.0,4159.0481,255.0,894353,1,0
200.0,50.0,141.5,235.0,53.0,9000.0,4157.52435,255.0,159311,1,0
200.0,50.0,206.411,235.0,16.6,9000.0,4153.24228,255.0,300522,1,0
215.0,60.0,191.516,235.0,31.4,9000.0,4164.236,255.0,1189198,1,0
215.0,60.0,169.467,235.0,21.0,9000.0,4151.1054,255.0,493768,1,0
200.0,50.0,158.963,235.0,54.0,9000.0,4157.82709,255.0,214396,1,0
200.0,50.0,180.044,235.0,40.04,9000.0,4157.52005,255.0,115890,1,0
200.0,50.0,150.059,235.0,45.0,9000.0,3693.21554,255.0,154097,1,0
200.0,100.0,154.43,235.0,35.43,6000.0,4157.52533,255.0,220929,1,0
200.0,50.0,151.606,235.0,34.2,9000.0,2797.97039,255.0,57828,1,0
210.0,60.0,203.1,235.0,24.92,12000.0,4162.18639,255.0,72389,1,0
210.0,60.0,150.713,235.0,10.0,12000.0,2171.87929,255.0,24263,1,0
215.0,60.0,152.22,166.36,2.8,7200.0,50.98619,255.0,4211,0,0
215.0,50.0,220.462,235.0,10.0,7500.0,443.05519,85.0,958,15,0
210.0,60.0,164.774,220.0,178.4,9000.0,4160.7245,255.0,947516,0,0
210.0,60.0,225.832,235.0,40.4,9000.0,4159.7346,255.0,246377,91,0
200.0,50.0,227.797,235.0,10.0,9000.0,4159.77857,255.0,90399,8264,0
210.0,60.0,184.864,235.0,228.6,9000.0,4165.61457,255.0,866269,1,0
210.0,60.0,184.864,235.0,228.6,9000.0,4165.61457,255.0,866269,1,0
210.0,60.0,190.199,235.0,50.8,9000.0,4163.75386,255.0,296255,1,0
210.0,55.0,193.5,235.0,10.0,9000.0,4158.42438,255.0,48099,1,0
210.0,60.0,144.186,235.0,10.0,9000.0,1881.60916,255.0,49739,1,0
200.0,50.0,227.2,235.0,101.44,9000.0,4169.5719,255.0,65511,287,0
210.0,60.0,181.632,235.0,50.96,6000.0,4157.72767,255.0,499928,1,0
210.0,60.0,211.182,220.0,10.0,9000.0,4157.52269,255.0,390512,0,0
200.0,50.0,205.189,235.0,60.8,9000.0,4162.56346,255.0,803199,14,0
210.0,55.0,204.924,235.0,60.8,9000.0,4162.5382,255.0,1102430,11,0
200.0,50.0,205.382,235.0,60.8,9000.0,4162.53488,255.0,1043211,12,0
205.0,50.0,132.947,235.0,59.0,9000.0,4156.13397,255.0,72135,1,0
210.0,55.0,218.714,235.0,59.8,9000.0,4162.53551,255.0,781548,1,0
205.0,55.0,137.165,235.0,10.0,9000.0,661.6473,255.0,4439,1,0
200.0,50.0,147.5,235.0,10.0,9000.0,651.39757,255.0,5227,1,0
205.0,50.0,202.265,235.0,110.0,9750.0,4162.52266,255.0,819740,1,0
228.0,50.0,158.545,235.0,59.88,9000.0,4157.54227,255.0,675515,1,0
215.0,60.0,137.285,235.0,39.4,9750.0,2113.93141,255.0,130843,1,0
215.0,60.0,145.078,235.0,40.0,9000.0,2148.53441,255.0,141858,1,0
210.0,60.0,159.314,235.0,10.0,9750.0,2046.91429,255.0,19590,1,0
200.0,50.0,157.44,235.0,10.0,9750.0,3957.6823,255.0,15883,1,0
210.0,60.0,232.571,235.0,14.56,9000.0,4164.21552,255.0,186084,1879,0
210.0,60.0,157.809,235.0,39.2,9000.0,4158.74593,255.0,132494,1,0
200.0,50.0,147.575,235.0,51.6,9000.0,4162.54672,255.0,50981,1,0
200.0,60.0,189.794,220.0,73.0,9000.0,4160.78229,255.0,640976,0,0
210.0,60.0,167.813,220.0,10.0,9000.0,2183.89268,255.0,54597,0,0
205.0,60.0,174.159,235.0,60.0,9000.0,4158.33975,255.0,92870,1,0
210.0,50.0,148.476,235.0,88.92,9000.0,4157.83846,255.0,268563,1,0
215.0,60.0,223.253,235.0,10.0,9000.0,4157.80036,255.0,111922,43,0
215.0,60.0,186.602,235.0,12.6,9000.0,4158.47553,255.0,102335,1,0
210.0,55.0,170.738,220.0,19.2,9000.0,4161.58829,255.0,67689,0,0
200.0,60.0,217.757,220.0,148.4,9000.0,4163.03561,255.0,530253,0,0
210.0,60.0,216.444,235.0,22.8,9000.0,4162.52365,255.0,242535,1,0
200.0,60.0,218.327,235.0,195.3,9000.0,4161.7162,255.0,1427650,1,0
200.0,60.0,152.239,220.0,23.4,9000.0,4157.99647,255.0,59277,0,0
200.0,50.0,180.7,235.0,45.2,9000.0,4159.04038,255.0,47284,1,0
200.0,60.0,178.0,235.0,45.2,9000.0,4160.53251,255.0,30229,1,0
200.0,60.0,191.535,235.0,21.8,9000.0,4159.8016,255.0,252470,1,0
200.0,60.0,211.79,235.0,46.16,7200.0,4161.85909,255.0,740662,1,0
200.0,60.0,159.615,235.0,23.96,9750.0,4156.22561,255.0,62341,1,0
200.0,60.0,159.915,235.0,23.96,9000.0,4154.54894,255.0,44024,1,0
200.0,60.0,191.601,220.0,23.8,9000.0,4159.01892,255.0,140111,0,0
200.0,60.0,159.739,235.0,23.8,9000.0,4154.40671,255.0,50490,1,0
200.0,60.0,158.45,235.0,10.0,9000.0,1583.61153,255.0,5697,1,0
200.0,60.0,213.4,235.0,10.0,9000.0,4157.90035,255.0,35644,1,0
200.0,60.0,137.398,235.0,10.0,9000.0,376.9878,255.0,15699,1,0
200.0,60.0,163.212,235.0,29.96,9000.0,4160.03475,255.0,475638,1,0
200.0,60.0,162.6,235.0,90.8,9000.0,4163.24632,255.0,105056,1,0
200.0,60.0,195.8,235.0,10.0,9000.0,4158.35321,255.0,47832,89,0
200.0,60.0,223.025,235.0,10.0,9000.0,4159.50605,255.0,27586,75,0
200.0,60.0,152.239,220.0,23.4,9000.0,4158.0268,255.0,59257,0,0
200.0,60.0,152.251,220.0,23.6,9000.0,4158.30672,255.0,58024,0,0
200.0,60.0,152.201,220.0,23.6,9000.0,4157.68339,255.0,45789,0,0
200.0,60.0,152.539,220.0,23.3,9000.0,4157.08793,255.0,28181,0,0
200.0,60.0,152.551,220.0,23.6,9000.0,4157.54008,255.0,41528,0,0
210.0,60.0,207.237,235.0,92.6,9000.0,4165.03565,255.0,1237157,1,0
210.0,60.0,223.617,235.0,92.72,9000.0,4167.57733,255.0,1257467,35,0
210.0,60.0,230.723,235.0,92.6,9000.0,4165.91042,255.0,1870699,178,0
210.0,60.0,174.3,235.0,146.0,9000.0,4164.12456,255.0,191444,1,0
200.0,60.0,148.5,235.0,10.0,9000.0,1913.2109,255.0,53796,1,0
200.0,50.0,200.897,235.0,50.0,9000.0,4162.57838,255.0,574107,1,0
206.9,60.0,203.782,235.0,18.9,9000.0,4162.57516,255.0,441862,1,0
206.9,60.0,152.754,235.0,18.9,9000.0,4157.63442,255.0,150307,1,0
206.9,60.0,152.754,235.0,18.9,9000.0,4157.61034,255.0,150283,1,0
210.0,50.0,184.194,235.0,79.24,9000.0,4162.5235,255.0,290428,1,0
200.0,60.0,183.98,220.0,12.2,9000.0,4157.65676,255.0,89907,0,0
210.0,60.0,143.383,235.0,18.49,9000.0,1666.04919,255.0,23055,1,0
210.0,60.0,156.1,235.0,39.49,9000.0,4157.54365,255.0,277477,1,0
200.0,60.0,169.672,220.0,35.0,9000.0,4160.41642,255.0,18961,0,0
200.0,60.0,149.142,220.0,47.4,9000.0,4158.20907,255.0,147191,0,0
210.0,60.0,198.3,235.0,10.0,6000.0,85.95077,0.0,229,1,0
200.0,50.0,207.832,235.0,12.4,9000.0,4158.47637,255.0,130422,1,0
200.0,50.0,213.036,235.0,12.8,9000.0,4157.85239,255.0,68325,1,0
200.0,60.0,141.442,235.0,49.6,9000.0,2980.74038,255.0,189658,1,0
200.0,60.0,107.752,200.0,44.0,7200.0,4157.51881,255.0,81782,0,0
200.0,60.0,144.183,235.0,10.0,9000.0,2098.51598,255.0,92476,1,0
200.0,50.0,232.231,235.0,58.52,9000.0,4162.92415,255.0,252525,550,0
210.0,60.0,166.713,235.0,63.8,9000.0,4159.88251,255.0,71723,1,0
210.0,60.0,126.994,220.0,10.0,9000.0,1406.55588,255.0,39643,0,0
210.0,60.0,151.124,220.0,11.8,9000.0,4157.529,255.0,146559,0,0
210.0,60.0,144.682,235.0,10.0,9000.0,2192.6998,255.0,55453,1,0
210.0,60.0,144.182,235.0,10.0,9000.0,1953.36454,255.0,70779,1,0
210.0,60.0,190.418,235.0,78.3,9000.0,4162.58454,255.0,448263,1,0
210.0,60.0,197.215,235.0,12.18,9000.0,4158.51678,255.0,145097,1,0
210.0,60.0,222.069,235.0,38.16,9000.0,4159.13483,255.0,961315,71,0
210.0,60.0,136.857,235.0,20.6,9000.0,497.01911,255.0,13922,1,0
210.0,60.0,218.697,220.0,28.84,9000.0,4165.88667,255.0,58490,0,0
210.0,50.0,224.498,235.0,13.88,9000.0,4164.38117,255.0,513547,235,0
210.0,50.0,144.987,235.0,10.0,9000.0,238.04622,255.0,6135,1,0
210.0,50.0,144.987,235.0,10.0,9000.0,239.80883,255.0,6135,1,0
200.0,50.0,145.98,235.0,10.0,9000.0,695.45866,255.0,29932,1,0
200.0,50.0,138.66,235.0,10.0,9000.0,575.42057,255.0,15619,1,0
200.0,50.0,224.498,235.0,13.88,9000.0,4163.90374,255.0,468757,238,0
215.0,60.0,163.044,130.102,60.2,4679.0,178.5225,255.0,422960,0,0
215.0,60.0,216.826,141.048,59.0,7200.0,260.85574,255.0,417784,0,0
210.0,60.0,210.975,235.0,10.0,9000.0,4162.55243,255.0,155830,1,0
200.0,50.0,144.375,235.0,10.0,9000.0,2428.90231,255.0,20178,1,0
200.0,60.0,147.49,220.0,50.6,9000.0,4162.18741,255.0,318860,0,0
215.0,60.0,149.337,220.0,50.6,9000.0,4161.66633,255.0,223554,0,0
200.0,50.0,144.182,235.0,10.0,9000.0,1879.14517,255.0,49820,1,0
200.0,60.0,155.379,235.0,46.96,9000.0,4159.59599,255.0,835545,1,0
210.0,60.0,160.54,235.0,10.0,9000.0,3126.33123,255.0,40241,1,0
210.0,60.0,162.022,235.0,10.0,9000.0,3016.37792,255.0,29889,1,0
210.0,60.0,155.825,235.0,10.0,9000.0,2006.10286,255.0,26127,1,0
210.0,60.0,154.085,235.0,10.0,9000.0,2479.24957,255.0,26986,1,0
210.0,60.0,161.328,235.0,10.0,9000.0,3148.75489,255.0,41434,1,0
210.0,60.0,161.072,235.0,60.2,9000.0,4164.41401,255.0,143743,1,0
210.0,50.0,206.222,235.0,43.8,9750.0,4157.67032,255.0,256278,1,0
210.0,60.0,213.845,235.0,37.4,9000.0,4158.04704,255.0,75622,1,0
210.0,60.0,139.809,235.0,10.0,9000.0,862.5826,255.0,23128,1,0
210.0,60.0,129.3,235.0,11.0,9000.0,805.57505,255.0,17208,1,0
210.0,60.0,163.724,235.0,59.2,9000.0,4162.89429,255.0,214830,1,0
210.0,60.0,156.89,149.536,10.4,7200.0,59.91862,255.0,148003,0,0
215.0,55.0,224.271,235.0,55.74,9000.0,4162.79958,255.0,476116,91,0
200.0,60.0,192.13,220.0,10.0,9000.0,4155.05626,255.0,200145,0,0
210.0,60.0,176.752,220.0,10.0,9000.0,2191.50956,255.0,61158,0,0
210.0,60.0,211.527,220.0,12.2,9000.0,4157.72175,255.0,444660,0,0
210.0,60.0,206.188,220.0,10.0,9000.0,4156.88075,255.0,249189,0,0
210.0,62.0,153.136,235.0,10.0,9000.0,1655.65013,255.0,120006,1,0
210.0,50.0,167.562,235.0,63.6,9000.0,4155.32365,255.0,19354,1,0
200.0,50.0,232.297,235.0,109.44,9000.0,4162.52776,255.0,264660,117157,0
210.0,60.0,231.618,235.0,90.0,9000.0,4162.68307,255.0,181776,8794,0
200.0,50.0,134.404,235.0,10.0,9000.0,53.02209,255.0,1060,1,0
200.0,60.0,143.67,220.0,10.0,9000.0,1647.72019,255.0,13319,0,0
210.0,60.0,146.3,235.0,123.2,9000.0,4162.53975,255.0,397995,1,0
210.0,60.0,146.3,235.0,123.2,9000.0,4157.69735,255.0,396364,1,0
215.0,60.0,153.665,235.0,15.6,9000.0,4157.74695,255.0,75457,1,0
205.0,60.0,208.43,235.0,10.0,9750.0,3658.29257,255.0,68264,1,0
200.0,50.0,147.963,235.0,36.2,9000.0,4153.70943,255.0,75078,1,0
200.0,50.0,142.141,235.0,35.8,9000.0,1793.6562,255.0,45029,1,0
210.0,60.0,175.534,235.0,10.0,9000.0,3010.80785,255.0,43954,1,0
210.0,60.0,154.711,124.464,6.6,7200.0,37.93604,255.0,12617,0,0
200.0,60.0,131.952,220.0,10.0,9000.0,779.06652,255.0,32686,0,0
215.0,50.0,148.456,235.0,10.0,9000.0,770.32916,255.0,27530,1,0
210.0,60.0,199.0,220.0,59.2,9000.0,4161.89684,255.0,168214,0,0
210.0,60.0,153.479,235.0,59.8,9000.0,2380.1318,255.0,31954,1,0
210.0,60.0,208.736,220.0,207.88,9000.0,4158.37835,255.0,2161339,0,0
210.0,50.0,169.508,235.0,28.0,9750.0,4158.41411,255.0,54449,1,0
210.0,50.0,168.999,235.0,100.0,9750.0,4162.58381,255.0,241621,1,0
210.0,50.0,168.026,235.0,24.0,9750.0,4159.54717,255.0,69607,1,0
210.0,60.0,209.363,235.0,78.8,9000.0,4163.16004,255.0,404435,1,0
210.0,55.0,214.661,235.0,78.8,9000.0,4159.12239,255.0,409450,24,0
215.0,60.0,209.668,235.0,31.0,9000.0,4163.13383,255.0,35836,1,0
210.0,55.0,155.17,235.0,33.0,9000.0,3776.99143,255.0,16671,1,0
210.0,60.0,219.092,235.0,25.4,9000.0,4157.88011,255.0,145435,1,0
210.0,60.0,141.788,235.0,46.28,6000.0,4157.89202,255.0,108011,1,0
210.0,57.0,169.8,235.0,26.9,9000.0,4158.81159,255.0,25504,1,0
210.0,57.0,192.8,235.0,26.9,9000.0,4159.54746,255.0,33638,1,0
200.0,50.0,130.641,235.0,10.0,9000.0,145.95507,255.0,3240,1,0
200.0,50.0,158.047,235.0,10.0,9000.0,1322.98914,255.0,114292,1,0
205.0,50.0,154.209,235.0,10.0,9000.0,1321.11687,255.0,27209,1,0
210.0,60.0,130.683,220.0,10.0,9000.0,381.26704,255.0,20154,0,0
210.0,60.0,193.246,235.0,59.4,9000.0,4157.53431,255.0,743096,1,0
0.0,0.0,176.029,179.997,47.52,9000.0,10007.07143,255.0,110230,0,0
210.0,60.0,158.111,220.0,34.6,9000.0,3285.58265,255.0,110236,0,0
210.0,60.0,158.111,220.0,34.6,9000.0,3934.71283,255.0,127433,0,0
205.0,60.0,129.705,235.0,18.0,9000.0,343.4981,255.0,24499,1,0
210.0,100.0,138.207,235.0,30.4,9000.0,1480.2689,255.0,26744,1,0
200.0,50.0,134.42,235.0,10.0,9000.0,309.79794,255.0,2206,1,0
200.0,50.0,134.42,235.0,10.0,9000.0,309.3865,255.0,2206,1,0
210.0,60.0,144.186,235.0,10.0,9000.0,2096.72711,255.0,55110,1,0
210.0,55.0,137.75,235.0,10.0,9000.0,1074.93698,255.0,4380,1,0
200.0,50.0,182.105,235.0,16.6,9000.0,4158.94041,255.0,37225,1,0
200.0,50.0,196.186,235.0,66.2,9000.0,4163.63658,255.0,161398,1,0
200.0,60.0,147.325,235.0,10.0,9000.0,1037.45091,255.0,3795,1,0
200.0,50.0,145.742,235.0,13.6,9000.0,2074.23955,255.0,16348,1,0
200.0,50.0,167.202,235.0,48.2,9000.0,4157.19917,255.0,68483,1,0
200.0,50.0,136.154,235.0,10.0,9000.0,170.33332,255.0,1575,1,0
210.0,55.0,167.274,235.0,40.0,9000.0,4157.84798,255.0,84472,1,0
210.0,55.0,167.274,235.0,40.0,9000.0,4157.84798,255.0,84472,1,0
200.0,50.0,136.154,235.0,10.0,9000.0,170.33332,255.0,1575,1,0
200.0,50.0,196.186,235.0,13.8,9000.0,3174.02342,255.0,12657,1,0
210.0,55.0,141.083,235.0,37.0,9000.0,1256.21082,255.0,15038,1,0
210.0,55.0,141.083,235.0,37.0,9000.0,2663.07312,255.0,31920,1,0
210.0,60.0,128.509,235.0,11.76,9000.0,107.44747,255.0,7514,1,0
210.0,60.0,147.25,235.0,12.12,9000.0,3436.15477,255.0,6290,1,0
200.0,50.0,139.225,235.0,37.0,9000.0,2692.8013,255.0,39851,1,0
210.0,60.0,151.847,235.0,68.2,9000.0,4158.35826,255.0,112614,1,0
210.0,60.0,156.5,220.0,28.2,9000.0,4157.55187,255.0,187325,0,0
210.0,60.0,208.445,220.0,27.64,9000.0,4164.28671,255.0,60172,0,0
245.0,50.0,245.972,188.783,27.0,7200.0,1086.48104,255.0,815292,95592,0
210.0,60.0,192.13,220.0,10.0,9000.0,4155.09506,255.0,143184,0,0
210.0,60.0,177.305,235.0,17.03,9000.0,4157.75434,255.0,291830,1,0
200.0,50.0,230.624,235.0,17.8,9000.0,4161.24847,255.0,75448,131,0
210.0,55.0,213.868,235.0,25.48,9000.0,4161.97644,255.0,377795,1,0
210.0,60.0,184.272,235.0,10.0,6000.0,2152.36309,255.0,69100,1,0
210.0,60.0,140.261,235.0,10.0,9000.0,950.32513,255.0,31880,1,0
210.0,60.0,136.861,235.0,21.4,9000.0,599.14325,255.0,16367,1,0
0.0,0.0,0.0,0.0,0.0,0.0,0.0,0.0,1,0,1
0.0,0.0,0.0,0.0,0.0,0.0,0.0,0.0,1,0,1
200.0,60.0,270.0,269.98,299.98,10000.0,825.864,255.0,29031,1932,1
210.0,214.0,269.97,270.0,299.99,10000.0,4165.88667,255.0,58490,2992,1
200.0,50.0,269.98,270.0,300.0,9999.0,1729.30746,255.0,45921,3516,1
210.0,172.0,269.99,269.99,300.0,10000.0,4158.37526,255.0,267042,18918,1
341.0,60.0,270.0,269.98,300.0,9999.0,4141.84746,255.0,38276,2625,1
210.0,60.0,270.0,269.99,300.0,10000.0,4157.27412,255.0,211320,13605,1
200.0,50.0,269.98,270.0,299.98,9999.0,1245.39265,255.0,20264,1399,1
200.0,50.0,269.96,269.99,300.0,9998.0,909.20722,255.0,9506,544,1
210.0,164.0,269.95,269.91,299.99,9997.0,783.5961,255.0,10599,619,1
200.0,60.0,269.98,269.99,299.99,10000.0,2344.52435,255.0,82434,7457,1
210.0,55.0,270.0,270.0,300.0,10000.0,4162.91425,255.0,509107,21936,1
215.0,50.0,269.99,270.0,300.0,10000.0,4163.12329,255.0,193465,16697,1
320.0,60.0,270.0,270.0,300.0,10000.0,4162.7405,85.0,601226,41111,1
200.0,151.0,269.97,269.94,299.77,9995.0,4170.26882,255.0,18619,919,1
210.0,60.0,270.0,270.0,300.0,10000.0,4162.56783,255.0,738791,62303,1
314.0,60.0,270.0,270.0,300.0,10000.0,4152.6121,255.0,249684,21917,1
210.0,147.0,270.0,270.0,300.0,10000.0,4163.07031,255.0,365219,28033,1
286.0,152.0,270.0,270.0,300.0,10000.0,4164.89522,255.0,858054,71623,1
350.0,55.0,270.0,270.0,300.0,10000.0,4159.71333,255.0,942374,71493,1
200.0,50.0,270.0,270.0,300.0,10000.0,1787.73907,255.0,68284,6395,1
200.0,60.0,270.0,269.96,299.99,10000.0,1219.94777,255.0,49152,3427,1
331.0,50.0,270.0,269.99,299.99,10000.0,1186.37848,255.0,52230,4168,1
200.0,50.0,270.0,270.0,300.0,10000.0,4164.80041,255.0,443382,31593,1
304.0,170.0,270.0,270.0,300.0,10000.0,4159.70027,255.0,398332,32565,1
200.0,50.0,270.0,270.0,300.0,10000.0,4162.76498,255.0,440621,35608,1
355.0,60.0,270.0,270.0,299.99,10000.0,4157.10165,255.0,164121,14994,1
305.0,60.0,270.0,270.0,299.98,10000.0,1424.45118,255.0,41180,3478,1
355.0,60.0,269.96,270.0,300.0,9999.0,488.63454,255.0,42753,3349,1
210.0,60.0,270.0,270.0,300.0,10000.0,4162.589,255.0,622931,47465,1
291.0,60.0,270.0,270.0,300.0,10000.0,4162.60425,255.0,1012033,73208,1
210.0,212.0,270.0,270.0,300.0,10000.0,4157.59603,255.0,158350,22459,1
319.0,55.0,270.0,270.0,300.0,10000.0,4157.88804,255.0,505955,44488,1
200.0,50.0,270.0,270.0,300.0,10000.0,4158.60227,255.0,218372,18440,1
200.0,173.0,270.0,269.99,299.99,10000.0,4157.52962,255.0,178551,13612,1
281.0,50.0,270.0,270.0,300.0,10000.0,4162.58533,255.0,311359,15052,1
250.0,0.0,250.11,265.0,263.63,21000.0,40.0,255.0,51,9,1
250.0,0.0,245.95,265.0,266.54,21000.0,0.0,255.0,33,5,1
210.0,66.0,270.0,270.0,300.0,10000.0,4162.93586,255.0,826718,79000,1
215.0,179.0,269.99,269.98,299.99,9999.0,2053.57971,255.0,41925,2746,1
200.0,60.0,270.0,269.99,300.0,10000.0,2004.73806,170.0,52400,3374,1
200.0,50.0,269.99,269.97,299.99,10000.0,4163.96225,255.0,44611,3325,1
340.0,55.0,270.0,269.99,299.96,10000.0,3769.04854,170.0,33524,2647,1
210.0,55.0,269.99,269.98,299.99,9999.0,4159.19006,255.0,55514,3956,1
210.0,55.0,270.0,270.0,300.0,10000.0,4162.55241,255.0,1066421,77082,1
205.0,60.0,269.99,269.99,300.0,10000.0,4157.59069,255.0,61664,5650,1
325.0,30.0,269.98,269.99,299.99,15000.0,2938.26524,0.0,64437,4489,1
350.0,193.0,270.0,270.0,300.0,10000.0,4157.97261,255.0,104764,6105,1
210.0,60.0,270.0,270.0,300.0,10000.0,4157.79506,255.0,150328,13606,1
330.0,60.0,270.0,270.0,300.0,10000.0,4162.62906,255.0,689055,55685,1
200.0,202.0,270.0,269.99,300.0,10000.0,4157.23343,255.0,110185,8118,1
314.0,60.0,269.99,270.0,300.0,10000.0,4155.58887,255.0,118178,9105,1
210.0,148.0,269.99,269.99,299.99,10000.0,4159.20425,255.0,87879,4717,1
210.0,166.0,270.0,269.99,299.99,10000.0,4159.20425,255.0,87879,4758,1
302.0,217.0,269.99,269.99,300.0,10500.0,4158.66017,255.0,52799,2730,1
205.0,60.0,269.99,270.0,300.0,10500.0,4158.9064,255.0,122327,9131,1
210.0,188.0,270.0,269.98,299.99,10000.0,4157.53749,255.0,121344,9105,1
321.0,168.0,270.0,270.0,300.0,10000.0,4162.93815,255.0,570063,49627,1
210.0,60.0,270.0,270.0,300.0,10000.0,4162.99239,170.0,838739,65887,1
210.0,55.0,270.0,270.0,300.0,10000.0,4157.54866,255.0,106479,8234,1
210.0,60.0,270.0,270.0,300.0,10000.0,4159.01219,170.0,1035939,86844,1
322.0,60.0,270.0,269.98,300.0,9999.0,4157.52124,170.0,50850,2403,1
200.0,50.0,269.96,269.99,300.0,9997.0,4157.88863,255.0,17944,922,1
346.0,60.0,270.0,270.0,300.0,10000.0,4153.53523,255.0,152979,14694,1
200.0,60.0,270.0,270.0,300.0,10000.0,4155.78459,170.0,265784,25644,1
210.0,50.0,269.97,269.94,299.97,10500.0,4157.59791,255.0,44257,2508,1
210.0,60.0,270.0,270.0,300.0,10000.0,4162.56518,255.0,761528,64455,1
200.0,60.0,270.0,270.0,300.0,10000.0,4157.52637,255.0,732362,69385,1
210.0,60.0,270.0,270.0,300.0,10000.0,4153.64234,255.0,377149,28641,1
329.0,60.0,269.99,270.0,300.0,10000.0,2826.42113,255.0,59713,5196,1
295.0,60.0,270.0,270.0,300.0,10000.0,4157.55045,255.0,143315,13574,1
332.0,60.0,270.0,270.0,300.0,10000.0,2198.66399,255.0,210523,17428,1
200.0,150.0,270.0,270.0,299.99,10000.0,3929.34414,255.0,170828,16412,1
228.0,0.0,269.97,269.98,300.0,10000.0,1578.38496,255.0,36334,2614,1
210.0,191.0,270.0,270.0,300.0,10000.0,1245.73115,255.0,139188,12526,1
240.0,80.0,270.0,270.0,300.0,10000.0,4164.50717,0.0,895475,69978,1
210.0,60.0,269.99,269.98,299.96,9999.0,4166.42098,255.0,21372,1470,1
210.0,60.0,269.99,269.9,299.81,10000.0,4170.84149,255.0,9180,500,1
210.0,60.0,269.98,270.0,299.99,9999.0,4160.99557,255.0,40068,2161,1
210.0,175.0,270.0,269.99,300.0,10000.0,4162.52348,255.0,190154,16184,1
310.0,153.0,270.0,270.0,300.0,10000.0,4161.55485,255.0,1577529,152725,1
210.0,198.0,269.99,270.0,300.0,10000.0,4154.23537,255.0,92475,7688,1
200.0,143.0,269.97,269.99,299.99,10000.0,2663.61589,255.0,51430,4798,1
200.0,60.0,270.0,270.0,300.0,10000.0,4155.93307,255.0,133311,12782,1
200.0,190.0,270.0,270.0,300.0,10000.0,4162.76107,255.0,4004295,384942,1
210.0,60.0,270.0,270.0,300.0,10000.0,4163.02218,255.0,609470,49989,1
210.0,55.0,270.0,270.0,300.0,10000.0,4157.88393,255.0,505965,44910,1
292.0,60.0,270.0,270.0,300.0,10000.0,4161.53288,170.0,1285156,122799,1
210.0,60.0,270.0,270.0,300.0,10000.0,4157.64426,255.0,361415,32630,1
346.0,189.0,269.99,270.0,300.0,10500.0,4158.52537,255.0,74764,6182,1
328.0,55.0,269.99,269.99,300.0,9998.0,4159.20425,170.0,87879,4817,1
327.0,66.0,270.0,270.0,300.0,10000.0,4163.16103,255.0,822012,78237,1
349.0,60.0,270.0,270.0,300.0,10000.0,2458.88661,255.0,148804,14099,1
200.0,60.0,270.0,269.99,300.0,10000.0,4157.65884,255.0,193225,17517,1
324.0,60.0,270.0,270.0,300.0,10000.0,4161.54736,255.0,184129,15134,1
347.0,183.0,269.95,269.92,299.85,9992.0,1437.42336,255.0,3159,242,1
200.0,60.0,270.0,270.0,300.0,10000.0,4158.15357,127.5,880603,78716,1
210.0,182.0,269.99,269.99,299.99,10000.0,1161.25696,255.0,63942,4973,1
200.0,50.0,270.0,270.0,300.0,10000.0,4162.59801,255.0,384263,34010,1
210.0,60.0,270.0,269.98,300.0,10000.0,2782.7454,255.0,51891,4017,1
200.0,50.0,269.99,270.0,300.0,10000.0,4163.04959,170.0,61638,4223,1
210.0,62.0,270.0,269.99,300.0,10000.0,2106.19275,255.0,178168,16407,1
302.0,60.0,270.0,270.0,300.0,10000.0,4157.66901,255.0,381750,30805,1
200.0,60.0,270.0,270.0,300.0,10000.0,4162.00314,170.0,999945,91991,1
344.0,204.0,270.0,270.0,300.0,10000.0,4167.34234,255.0,266227,15051,1
210.0,55.0,270.0,270.0,300.0,10000.0,4158.51329,255.0,182442,16106,1
340.0,60.0,270.0,270.0,299.99,10000.0,4162.56089,255.0,296677,23221,1
220.0,60.0,270.0,270.0,300.0,10000.0,4165.52379,255.0,855962,64383,1
205.0,60.0,270.0,270.0,300.0,10000.0,4163.69514,255.0,854734,48633,1
299.0,161.0,269.98,269.94,299.97,10000.0,388.4356,255.0,15735,1262,1
200.0,60.0,270.0,270.0,300.0,10000.0,4163.3691,255.0,426587,37166,1
200.0,50.0,269.98,269.99,299.98,10000.0,1626.32753,255.0,51665,4251,1
313.0,50.0,270.0,269.99,300.0,9998.0,1410.63368,255.0,32398,2472,1
301.0,166.0,269.99,270.0,300.0,10000.0,4156.44359,255.0,192227,17155,1
333.0,60.0,270.0,270.0,300.0,10000.0,4157.87302,255.0,129043,11981,1
210.0,188.0,269.97,270.0,299.98,10000.0,4164.2298,255.0,43239,3470,1
210.0,184.0,270.0,270.0,300.0,10000.0,2855.05338,255.0,85408,7926,1
200.0,50.0,270.0,269.99,300.0,10000.0,4157.52846,255.0,212994,17513,1
316.0,60.0,270.0,270.0,300.0,10000.0,4163.41841,255.0,187462,11248,1
210.0,174.0,270.0,269.98,300.0,10000.0,4157.61871,255.0,54476,3117,1
310.0,218.0,269.96,270.0,299.99,10000.0,4166.67589,255.0,81217,3724,1
210.0,205.0,270.0,270.0,300.0,9999.0,510.88642,255.0,26653,2260,1
306.0,164.0,270.0,269.99,300.0,10000.0,4163.38066,255.0,96119,4024,1
306.0,50.0,270.0,269.98,299.99,9999.0,3541.17414,255.0,79136,6424,1
311.0,50.0,269.97,269.98,299.96,9999.0,2454.23519,255.0,19706,1144,1
200.0,50.0,270.0,270.0,300.0,10000.0,4163.34209,255.0,261039,16275,1
210.0,196.0,269.98,270.0,299.98,9999.0,676.83702,255.0,24815,2275,1
333.0,60.0,270.0,270.0,300.0,10000.0,4158.65077,255.0,156253,12436,1
210.0,60.0,270.0,270.0,300.0,10000.0,4163.27816,255.0,499583,43430,1
288.0,50.0,269.99,270.0,300.0,10000.0,4162.87969,255.0,249078,15126,1
210.0,60.0,270.0,270.0,300.0,10000.0,4162.53419,255.0,380876,31974,1
200.0,177.0,269.96,269.97,299.9,9993.0,954.82188,255.0,11832,778,1
200.0,172.0,269.99,270.0,300.0,10000.0,4163.26844,255.0,132831,7834,1
200.0,60.0,270.0,270.0,299.99,10000.0,4157.51916,255.0,132295,11791,1
200.0,60.0,270.0,270.0,300.0,10000.0,4160.01944,255.0,460252,40929,1
200.0,50.0,269.96,269.99,300.0,10000.0,2921.39411,255.0,41896,3357,1
210.0,209.0,269.99,270.0,300.0,10000.0,4157.57644,255.0,200322,16488,1
210.0,151.0,269.95,269.96,299.92,10000.0,3894.28335,255.0,51254,2101,1
331.0,60.0,270.0,270.0,300.0,10000.0,4161.61825,255.0,335008,32509,1
210.0,60.0,269.98,269.99,300.0,10000.0,4157.66877,255.0,88599,6635,1
210.0,60.0,269.99,270.0,300.0,10000.0,4158.241,255.0,64232,4713,1
0.0,0.0,0.0,0.0,0.0,0.0,0.0,0.0,0,0,1
351.0,60.0,270.0,270.0,299.99,15000.0,4162.92303,255.0,100030,5906,1
210.0,60.0,270.0,270.0,300.0,15000.0,4166.15613,255.0,571272,52660,1
200.0,174.0,269.98,269.67,299.75,9999.0,394.02462,85.0,6811,308,1
210.0,55.0,269.82,269.88,299.91,10000.0,392.9052,255.0,15168,1161,1
354.0,60.0,270.0,269.99,300.0,10000.0,2630.53266,255.0,82352,6633,1
320.0,211.0,270.0,270.0,300.0,10000.0,4160.90775,255.0,731824,44897,1
200.0,60.0,269.97,269.98,300.0,9998.0,4157.54145,255.0,56870,1798,1
200.0,60.0,269.99,270.0,300.0,10000.0,2322.56788,255.0,84474,5069,1
359.0,60.0,270.0,270.0,300.0,10000.0,4163.6683,255.0,469314,41243,1
280.0,60.0,270.0,270.0,300.0,10000.0,4163.24174,255.0,2062443,195560,1
210.0,186.0,270.0,270.0,300.0,10000.0,4171.85305,255.0,1855358,177191,1
290.0,60.0,270.0,270.0,300.0,10000.0,4164.89241,255.0,892206,79896,1
210.0,60.0,270.0,270.0,300.0,10000.0,4166.30559,255.0,916665,82053,1
342.0,181.0,270.0,270.0,300.0,10000.0,4166.42914,255.0,902587,79433,1
210.0,60.0,270.0,270.0,300.0,10000.0,4166.49536,255.0,939018,82848,1
210.0,60.0,270.0,270.0,300.0,10000.0,4166.66888,255.0,978497,86709,1
309.0,60.0,270.0,270.0,300.0,10000.0,4166.23781,255.0,1343356,121168,1
357.0,211.0,269.99,269.99,299.97,9999.0,4158.01869,255.0,59243,4282,1
210.0,60.0,270.0,269.99,299.99,10000.0,2399.11241,255.0,61745,4399,1
287.0,163.0,270.0,270.0,300.0,10000.0,4159.6297,255.0,620548,42581,1
200.0,60.0,270.0,270.0,300.0,10000.0,4161.86838,255.0,273865,21407,1
318.0,60.0,270.0,270.0,300.0,10000.0,2058.46131,255.0,101584,7046,1
336.0,60.0,270.0,270.0,300.0,10000.0,4157.65564,255.0,174847,10656,1
210.0,60.0,269.71,269.99,299.97,9996.0,149.46727,255.0,7631,703,1
312.0,192.0,269.99,270.0,300.0,10000.0,1024.15323,255.0,30082,2301,1
324.0,60.0,270.0,270.0,299.99,10000.0,4159.02504,255.0,116917,7230,1
313.0,60.0,270.0,270.0,300.0,10000.0,4162.19415,255.0,4584309,429394,1
210.0,60.0,270.0,270.0,300.0,10000.0,4157.75903,255.0,567464,53305,1
210.0,60.0,270.0,269.97,299.98,10000.0,2184.31985,255.0,54615,3965,1
316.0,50.0,269.99,270.0,299.99,10000.0,1124.21579,255.0,35729,2920,1
210.0,60.0,269.93,269.87,299.83,9985.0,4160.11658,255.0,30422,989,1
200.0,192.0,270.0,270.0,300.0,10000.0,4158.8897,255.0,421263,34955,1
294.0,144.0,270.0,270.0,300.0,10000.0,4157.53094,255.0,251427,19174,1
326.0,50.0,270.0,270.0,299.99,10000.0,1061.07979,255.0,77951,7010,1
210.0,60.0,270.0,270.0,300.0,10000.0,4163.62332,255.0,1401526,125263,1
325.0,60.0,270.0,270.0,300.0,10000.0,4162.73124,255.0,1513429,125893,1
200.0,168.0,270.0,270.0,300.0,10000.0,4158.6501,170.0,449008,34361,1
304.0,152.0,269.98,270.0,299.98,9999.0,3181.51174,255.0,28641,2261,1
215.0,50.0,270.0,269.98,299.98,10000.0,4163.78589,255.0,45747,3646,1
215.0,50.0,270.0,269.99,299.99,10000.0,4161.38684,255.0,44903,3487,1
210.0,162.0,269.99,270.0,299.98,10000.0,3064.61145,255.0,66978,6083,1
327.0,60.0,270.0,270.0,300.0,10000.0,4158.40885,255.0,207053,14364,1
210.0,60.0,270.0,270.0,299.98,10000.0,3373.82373,170.0,102678,7161,1
200.0,157.0,269.98,270.0,299.99,10000.0,4157.63651,255.0,59115,4424,1
200.0,50.0,269.99,270.0,299.99,10000.0,4162.59427,255.0,127712,8168,1
295.0,50.0,269.92,269.97,300.0,9998.0,4158.23481,255.0,18222,902,1
200.0,50.0,269.9,269.95,299.98,9995.0,4158.23481,255.0,18222,930,1
210.0,142.0,270.0,270.0,300.0,10000.0,4163.16004,255.0,404435,26787,1
210.0,55.0,269.99,270.0,300.0,10000.0,4158.75593,255.0,154142,10289,1
210.0,60.0,270.0,270.0,299.99,10000.0,4153.87942,255.0,235786,18973,1
347.0,55.0,270.0,270.0,300.0,10000.0,4157.20755,255.0,212322,15889,1
215.0,210.0,269.97,270.0,299.98,9999.0,1186.14298,255.0,18701,1660,1
200.0,50.0,269.86,269.96,299.97,9999.0,1563.4706,170.0,30277,2459,1
200.0,204.0,270.0,269.95,299.99,9999.0,753.72213,255.0,27264,2034,1
312.0,161.0,270.0,270.0,300.0,10000.0,4157.53355,255.0,111837,11022,1
200.0,50.0,269.99,269.99,300.0,10000.0,2189.20196,0.0,122073,11958,1
215.0,50.0,270.0,270.0,300.0,10000.0,4159.67279,255.0,204381,19449,1
325.0,55.0,270.0,270.0,300.0,10000.0,4164.76229,255.0,505416,43920,1
299.0,55.0,270.0,270.0,300.0,10000.0,4164.93076,255.0,258862,16738,1
200.0,60.0,270.0,270.0,300.0,10000.0,4158.98691,255.0,279003,15224,1
210.0,210.0,270.0,270.0,300.0,10000.0,4163.92179,255.0,368925,30309,1
205.0,55.0,269.99,270.0,300.0,10000.0,4163.15407,255.0,136971,9232,1
200.0,50.0,269.97,269.99,300.0,10000.0,791.38361,255.0,38003,3230,1
210.0,55.0,270.0,269.99,300.0,10000.0,4159.22231,255.0,81728,4707,1
354.0,60.0,269.99,269.99,299.99,10000.0,4164.42448,255.0,241118,14037,1
326.0,170.0,270.0,270.0,299.99,10000.0,10.0,0.0,59111,4994,1
210.0,60.0,270.0,270.0,300.0,10000.0,4163.05115,255.0,841185,67289,1
210.0,161.0,270.0,269.98,300.0,10000.0,3978.74004,255.0,54460,4440,1
210.0,55.0,270.0,270.0,300.0,10000.0,4162.36425,255.0,313627,22434,1
358.0,205.0,270.0,270.0,300.0,10000.0,4162.61482,255.0,383518,34782,1
210.0,60.0,270.0,270.0,300.0,10000.0,3647.3441,255.0,160043,14857,1
200.0,50.0,269.98,269.99,299.96,10000.0,2125.34955,255.0,40637,3190,1
200.0,50.0,270.0,270.0,299.99,10000.0,4157.7029,255.0,137443,12170,1
200.0,50.0,270.0,270.0,300.0,10000.0,4158.0301,255.0,160752,10972,1
307.0,143.0,269.99,270.0,300.0,10000.0,4159.58694,255.0,171419,11046,1
225.0,204.0,270.0,270.0,300.0,10000.0,4157.52059,255.0,401831,37864,1
210.0,55.0,270.0,269.99,300.0,10000.0,4158.23196,255.0,182833,16091,1
210.0,181.0,269.99,270.0,300.0,10000.0,2854.91549,255.0,85408,7831,1
330.0,196.0,269.99,270.0,299.98,10500.0,1939.56985,255.0,47117,3887,1
332.0,178.0,270.0,270.0,299.99,10000.0,4157.52379,255.0,187452,14982,1
210.0,55.0,269.99,270.0,300.0,10000.0,4158.46996,255.0,139381,12053,1
359.0,173.0,270.0,270.0,300.0,10000.0,4154.23755,255.0,565585,53857,1
215.0,60.0,270.0,269.99,300.0,10000.0,4155.42134,255.0,142806,11347,1
215.0,160.0,270.0,270.0,300.0,10000.0,4163.54033,255.0,544636,41443,1
215.0,209.0,270.0,270.0,300.0,10000.0,4163.08003,255.0,533072,41397,1
348.0,50.0,269.99,269.99,300.0,10000.0,4157.65214,255.0,61572,5715,1
317.0,50.0,269.99,269.99,300.0,10000.0,1880.53276,255.0,49247,3508,1
205.0,60.0,270.0,269.99,300.0,10000.0,3717.36994,255.0,102120,7301,1
200.0,60.0,270.0,269.99,299.99,9998.0,1971.94679,255.0,42164,3573,1
210.0,142.0,270.0,270.0,300.0,10000.0,4163.57274,255.0,1199786,104354,1
347.0,160.0,270.0,270.0,299.99,10000.0,4157.66014,255.0,263109,19823,1
348.0,50.0,270.0,270.0,300.0,10000.0,4152.75429,255.0,194247,15667,1
200.0,147.0,270.0,270.0,300.0,10000.0,4158.88424,255.0,1126969,100905,1
210.0,181.0,270.0,270.0,299.99,10000.0,4157.50996,255.0,282203,25716,1
321.0,208.0,270.0,270.0,300.0,10000.0,4157.75529,255.0,284501,23294,1
215.0,155.0,270.0,270.0,300.0,10000.0,4154.15111,255.0,403140,37595,1
326.0,145.0,270.0,270.0,299.93,9999.0,4161.1787,255.0,35617,2018,1
335.0,141.0,270.0,270.0,299.99,10000.0,4157.88241,255.0,43302,2249,1
290.0,60.0,270.0,270.0,299.97,9998.0,4157.88507,255.0,60325,3501,1
342.0,60.0,270.0,270.0,300.0,10000.0,4159.34515,255.0,89912,6501,1
200.0,211.0,270.0,269.99,299.97,10000.0,4157.67004,255.0,88605,6545,1
296.0,60.0,269.94,269.96,299.97,9997.0,815.87124,255.0,12274,1117,1
210.0,60.0,270.0,269.99,299.99,10000.0,4159.65856,170.0,129479,8439,1
210.0,60.0,269.91,270.0,299.97,12000.0,1245.87581,255.0,21004,1558,1
320.0,55.0,270.0,270.0,300.0,10000.0,4162.55452,255.0,877560,85076,1
343.0,215.0,270.0,270.0,300.0,10000.0,4161.85219,255.0,1244650,110678,1
215.0,60.0,270.0,270.0,300.0,10000.0,4162.47742,255.0,879928,79490,1
210.0,60.0,270.0,270.0,300.0,10000.0,4162.5359,255.0,779920,74479,1
215.0,55.0,270.0,270.0,300.0,10000.0,4152.73129,255.0,215872,17944,1
200.0,50.0,269.99,270.0,299.99,9998.0,4158.08711,255.0,38106,2057,1
200.0,60.0,270.0,270.0,300.0,10000.0,4162.54745,255.0,1101564,98184,1
200.0,50.0,270.0,270.0,300.0,10000.0,4163.30419,255.0,127767,7225,1
210.0,60.0,269.99,270.0,299.99,10000.0,1881.32145,255.0,50288,3615,1
215.0,60.0,270.0,270.0,300.0,10000.0,4164.47228,170.0,612691,52761,1
344.0,60.0,270.0,270.0,300.0,10000.0,2956.10319,255.0,80306,7034,1
200.0,50.0,270.0,270.0,300.0,10000.0,4162.67076,255.0,1059962,82608,1
200.0,160.0,270.0,270.0,300.0,10000.0,4162.54961,255.0,653410,48908,1
200.0,50.0,270.0,270.0,300.0,10000.0,4162.71457,255.0,751312,56472,1
338.0,50.0,270.0,270.0,300.0,10000.0,4162.53816,255.0,502995,38012,1
200.0,50.0,270.0,270.0,300.0,10000.0,4162.58019,255.0,1076500,84434,1
286.0,50.0,270.0,270.0,300.0,10000.0,4162.53078,170.0,673704,50038,1
200.0,50.0,270.0,270.0,300.0,10000.0,4157.57988,255.0,752037,56374,1
200.0,50.0,270.0,270.0,300.0,10000.0,4162.58584,255.0,493018,37133,1
210.0,60.0,270.0,270.0,300.0,10000.0,10.0,255.0,153987,11822,1
210.0,60.0,269.99,270.0,300.0,10000.0,10.0,255.0,158267,12109,1
210.0,60.0,270.0,270.0,299.99,10000.0,4160.27027,255.0,59526,4818,1
315.0,60.0,269.99,270.0,299.99,10000.0,4159.58966,170.0,146741,9899,1
280.0,60.0,270.0,269.99,300.0,10000.0,4165.23283,255.0,268056,13190,1
325.0,172.0,269.97,269.99,300.0,10000.0,4161.54848,255.0,87073,6194,1
210.0,211.0,270.0,269.95,299.99,10000.0,619.93313,255.0,16584,1299,1
210.0,60.0,270.0,270.0,299.99,10000.0,4158.42604,255.0,259081,13689,1
328.0,201.0,269.99,269.99,299.99,10000.0,1709.89116,170.0,57359,4883,1
200.0,60.0,270.0,270.0,300.0,10000.0,4159.63953,255.0,401857,18050,1
355.0,50.0,270.0,269.99,300.0,10000.0,4157.55143,255.0,109344,8361,1
350.0,178.0,269.98,270.0,300.0,10000.0,4164.47587,255.0,139347,7043,1
210.0,55.0,270.0,270.0,300.0,10000.0,4165.44806,255.0,132281,12157,1
210.0,197.0,270.0,270.0,300.0,10000.0,4162.62926,255.0,281900,26015,1
354.0,60.0,270.0,270.0,300.0,10000.0,4161.52187,255.0,836625,78389,1
220.0,60.0,270.0,270.0,300.0,10000.0,4154.57547,255.0,334456,28792,1
299.0,149.0,270.0,270.0,299.99,10000.0,4158.47745,255.0,605965,47132,1
210.0,198.0,270.0,270.0,300.0,10000.0,4156.28159,255.0,359049,33018,1
210.0,60.0,270.0,270.0,300.0,10000.0,4157.53431,255.0,743096,66250,1
307.0,60.0,270.0,270.0,300.0,10000.0,4161.49922,255.0,287353,27924,1
200.0,50.0,269.99,270.0,300.0,10000.0,4159.67908,255.0,101754,7327,1
350.0,156.0,270.0,269.98,299.99,10000.0,4163.55104,255.0,78615,6456,1
205.0,161.0,270.0,269.99,300.0,10000.0,4160.10632,170.0,99335,7154,1
313.0,50.0,270.0,270.0,300.0,10000.0,4157.56714,170.0,281256,26877,1
200.0,50.0,270.0,269.99,300.0,10000.0,4163.02265,255.0,458736,40511,1
200.0,219.0,270.0,270.0,300.0,10000.0,4157.67947,255.0,216827,20560,1
292.0,60.0,269.99,270.0,300.0,10000.0,4162.58171,255.0,377565,23169,1
215.0,211.0,270.0,270.0,300.0,10000.0,4162.79478,170.0,344146,25877,1
215.0,216.0,270.0,269.98,299.98,10000.0,3532.39523,255.0,34775,2608,1
335.0,50.0,269.95,270.0,299.97,9985.0,750.21609,255.0,8474,695,1
215.0,50.0,270.0,270.0,300.0,10000.0,4162.47696,255.0,511419,38644,1
351.0,154.0,269.97,269.99,300.0,10000.0,4157.55034,255.0,72751,5884,1
294.0,170.0,270.0,270.0,300.0,10000.0,4162.56212,255.0,758596,57692,1
215.0,60.0,270.0,269.99,300.0,10000.0,4157.53431,255.0,246410,20506,1
210.0,60.0,270.0,270.0,300.0,10000.0,4152.68964,255.0,210980,15864,1
230.0,140.0,270.0,269.99,299.99,10000.0,3551.79833,255.0,106273,8003,1
230.0,60.0,270.0,270.0,299.99,10000.0,3664.63309,255.0,153977,11580,1
215.0,176.0,269.99,270.0,300.0,10000.0,4162.73515,255.0,320059,24166,1
205.0,60.0,270.0,269.99,300.0,10000.0,1423.66858,255.0,38979,3200,1
230.0,60.0,270.0,270.0,300.0,10000.0,4157.70604,255.0,266563,20874,1
210.0,219.0,270.0,270.0,300.0,10000.0,4163.32919,255.0,820516,64982,1
210.0,163.0,270.0,270.0,300.0,10000.0,4162.58997,255.0,1625126,128410,1
210.0,60.0,270.0,270.0,300.0,10000.0,4164.13533,255.0,1613269,128265,1
200.0,50.0,270.0,270.0,300.0,10000.0,4164.9682,255.0,485859,35822,1
210.0,60.0,270.0,270.0,300.0,10000.0,1677.09499,255.0,238516,19886,1
305.0,203.0,270.0,269.99,300.0,10000.0,2121.38762,255.0,239126,19835,1
200.0,50.0,270.0,270.0,300.0,10000.0,4162.61536,255.0,385358,28539,1
340.0,157.0,270.0,270.0,300.0,10000.0,4162.57571,255.0,1481920,143764,1
345.0,55.0,270.0,270.0,300.0,10000.0,4161.42358,255.0,170912,14572,1
336.0,188.0,270.0,270.0,300.0,10000.0,4163.00836,170.0,529085,46754,1
340.0,60.0,270.0,270.0,300.0,10000.0,4162.99889,255.0,380381,30898,1
205.0,50.0,270.0,270.0,300.0,12000.0,4157.5622,255.0,452793,40152,1
330.0,55.0,270.0,270.0,300.0,10000.0,4163.81179,255.0,365879,23690,1
308.0,60.0,270.0,270.0,300.0,10000.0,4158.34502,255.0,538461,43946,1
210.0,60.0,270.0,270.0,300.0,10000.0,4164.01055,255.0,407508,30931,1
346.0,185.0,270.0,270.0,300.0,10000.0,4166.23907,255.0,289903,12130,1
210.0,60.0,270.0,270.0,300.0,10000.0,4168.77018,255.0,1251558,116667,1
210.0,60.0,270.0,270.0,300.0,10000.0,4157.95323,255.0,276089,25602,1
210.0,60.0,269.97,270.0,299.99,9998.0,879.51071,255.0,20112,1663,1
210.0,60.0,270.0,270.0,300.0,10000.0,4157.58552,255.0,183817,16891,1
205.0,55.0,269.99,270.0,299.97,9999.0,839.77964,255.0,45054,3563,1
324.0,220.0,270.0,270.0,300.0,10000.0,1015.68421,255.0,59676,4828,1
200.0,60.0,269.99,270.0,300.0,10000.0,4104.26648,255.0,136581,11301,1
205.0,55.0,269.96,269.99,299.97,10000.0,1474.73234,255.0,68343,5187,1
210.0,60.0,270.0,270.0,299.99,10000.0,4163.27594,255.0,65866,3450,1
210.0,214.0,270.0,270.0,300.0,10000.0,4157.52889,255.0,299894,29355,1
210.0,60.0,270.0,270.0,299.99,10000.0,4163.65327,255.0,122583,6921,1
338.0,60.0,269.98,270.0,300.0,9999.0,4165.00216,255.0,65785,4602,1
210.0,166.0,270.0,269.99,299.99,10000.0,1880.54138,255.0,49257,3543,1
215.0,60.0,270.0,270.0,300.0,10000.0,4162.57097,170.0,690624,54514,1
210.0,163.0,270.0,270.0,300.0,10000.0,4162.77104,255.0,191370,14403,1
210.0,213.0,270.0,269.97,300.0,10000.0,4157.87834,255.0,75629,4461,1
210.0,60.0,270.0,270.0,300.0,10000.0,4157.38636,255.0,110804,9696,1
288.0,60.0,270.0,270.0,300.0,10000.0,4163.02859,255.0,504801,33814,1
335.0,55.0,270.0,270.0,300.0,10000.0,4157.88129,255.0,644540,42630,1
210.0,164.0,269.99,270.0,300.0,10000.0,4153.16565,255.0,121234,8945,1
200.0,157.0,270.0,270.0,299.99,10000.0,4158.05504,255.0,65589,4302,1
210.0,144.0,269.99,269.99,299.99,10000.0,4162.90525,255.0,190250,14096,1
210.0,185.0,270.0,270.0,300.0,10000.0,4157.7092,255.0,253040,23013,1
210.0,206.0,270.0,270.0,300.0,10000.0,4153.6615,255.0,192180,16214,1
325.0,60.0,269.99,269.95,299.99,9999.0,847.67701,255.0,19384,1563,1
297.0,210.0,269.99,270.0,299.99,10000.0,4162.82861,255.0,203378,13142,1
292.0,208.0,270.0,270.0,300.0,10000.0,4160.88023,255.0,414957,31403,1
200.0,50.0,270.0,270.0,300.0,10000.0,4163.42792,255.0,1026531,80508,1
200.0,174.0,270.0,270.0,300.0,10000.0,4157.57475,255.0,212635,16434,1
200.0,197.0,270.0,270.0,300.0,10000.0,4162.45349,255.0,630929,51164,1
344.0,50.0,270.0,270.0,300.0,10000.0,4164.66597,255.0,732458,57727,1
200.0,60.0,270.0,270.0,300.0,10000.0,4158.17857,170.0,463477,31330,1
281.0,50.0,269.99,270.0,300.0,10000.0,4157.57118,255.0,264354,22894,1
337.0,50.0,270.0,270.0,300.0,10000.0,4157.92403,255.0,358234,22697,1
200.0,50.0,270.0,270.0,299.99,10000.0,4158.50336,255.0,241080,10703,1
200.0,50.0,270.0,270.0,300.0,10000.0,4163.98332,255.0,196714,12173,1
310.0,50.0,270.0,269.99,300.0,10000.0,4159.19447,255.0,194806,9379,1
304.0,50.0,270.0,270.0,300.0,10000.0,2724.55709,255.0,203779,18911,1
200.0,50.0,270.0,269.99,300.0,10000.0,3291.20726,255.0,200658,17652,1
333.0,50.0,270.0,270.0,300.0,10000.0,3084.87997,255.0,117551,9451,1
200.0,212.0,270.0,270.0,300.0,10000.0,4162.58881,255.0,287331,22662,1
200.0,60.0,270.0,270.0,300.0,10000.0,4159.15484,255.0,330529,17675,1
338.0,144.0,269.97,269.97,299.95,10000.0,4152.54935,255.0,51482,4100,1
357.0,50.0,269.99,270.0,300.0,10000.0,4162.17105,255.0,188888,11717,1
200.0,50.0,270.0,269.99,300.0,10000.0,4162.31827,170.0,201515,11106,1
210.0,60.0,270.0,270.0,300.0,10000.0,4163.13997,255.0,246840,16197,1
359.0,155.0,270.0,270.0,300.0,10000.0,4162.53435,255.0,586422,39381,1
309.0,50.0,270.0,270.0,300.0,10000.0,4163.85093,255.0,576243,48846,1
306.0,50.0,270.0,270.0,300.0,9999.0,4163.33836,255.0,140122,7558,1
359.0,50.0,270.0,269.99,300.0,9999.0,4157.53005,255.0,87778,4350,1
200.0,50.0,270.0,270.0,300.0,10000.0,4162.52721,255.0,698938,58213,1
200.0,201.0,270.0,270.0,300.0,10000.0,4162.15706,255.0,165225,10701,1
200.0,179.0,270.0,270.0,300.0,10000.0,4157.52118,255.0,299669,25130,1
200.0,50.0,270.0,270.0,300.0,10000.0,4163.13466,255.0,418702,28119,1
323.0,50.0,270.0,270.0,300.0,10000.0,4162.8476,255.0,363554,25631,1
210.0,174.0,269.95,270.0,300.0,10000.0,4162.65625,255.0,44887,2562,1
200.0,205.0,270.0,270.0,300.0,10000.0,4162.53275,0.0,568094,43433,1
341.0,50.0,269.99,270.0,299.99,10000.0,4162.69535,255.0,341348,22167,1
200.0,218.0,270.0,270.0,300.0,9999.0,4162.56467,255.0,267038,10930,1
200.0,50.0,270.0,269.99,300.0,10000.0,4162.56453,255.0,267068,11019,1
200.0,50.0,270.0,270.0,300.0,10000.0,4162.1315,255.0,790631,60976,1
297.0,60.0,269.99,270.0,300.0,10000.0,4158.05165,255.0,137721,8553,1
319.0,60.0,270.0,270.0,300.0,10000.0,4157.7792,255.0,125682,8213,1
200.0,50.0,270.0,269.99,299.99,10000.0,4157.72344,255.0,89639,5909,1
329.0,50.0,270.0,270.0,300.0,10000.0,4154.34471,255.0,202501,14944,1
289.0,192.0,270.0,269.99,300.0,10000.0,4157.52102,255.0,177451,13588,1
200.0,50.0,270.0,270.0,300.0,10000.0,4154.42686,255.0,100687,6654,1
200.0,50.0,270.0,270.0,300.0,10000.0,4162.61317,255.0,227567,14216,1
200.0,50.0,270.0,270.0,300.0,10000.0,4157.83422,255.0,133307,8079,1
314.0,60.0,270.0,270.0,299.99,10000.0,4160.13418,255.0,456427,16782,1
200.0,60.0,270.0,270.0,300.0,10000.0,4161.20738,255.0,433128,16489,1
200.0,202.0,269.99,269.99,300.0,10000.0,4164.39851,255.0,146922,6484,1
316.0,50.0,270.0,269.99,300.0,10000.0,4160.69279,255.0,187832,8739,1
200.0,50.0,270.0,269.99,300.0,10000.0,4158.12368,255.0,99450,7968,1
302.0,211.0,270.0,270.0,300.0,10000.0,4154.29514,170.0,80999,5961,1
230.0,70.0,270.0,269.99,299.99,10000.0,4157.4544,255.0,109866,7874,1
299.0,140.0,269.99,270.0,300.0,9999.0,4157.75637,255.0,132071,9590,1
308.0,70.0,269.99,270.0,299.98,9997.0,2200.8846,255.0,30020,2235,1
330.0,70.0,270.0,270.0,300.0,10000.0,4157.68969,255.0,228730,20357,1
353.0,70.0,269.98,270.0,299.99,10000.0,4154.18422,170.0,94793,7103,1
355.0,194.0,270.0,270.0,300.0,10000.0,4162.39644,255.0,568433,50144,1
210.0,60.0,269.99,270.0,299.99,10000.0,4167.67416,255.0,131190,10554,1
210.0,60.0,270.0,270.0,299.99,10000.0,4165.76128,255.0,250947,11337,1
210.0,60.0,270.0,270.0,300.0,10000.0,4169.84212,255.0,207666,17700,1
289.0,60.0,270.0,270.0,300.0,10000.0,4166.06607,255.0,253720,19714,1
210.0,55.0,270.0,269.99,300.0,10000.0,1884.36934,170.0,53485,4267,1
200.0,200.0,269.95,269.96,299.97,9998.0,4157.84659,170.0,40590,1867,1
210.0,160.0,270.0,270.0,300.0,10000.0,4157.64532,255.0,276045,25710,1
210.0,190.0,270.0,270.0,300.0,10000.0,4162.53324,255.0,1102135,106454,1
205.0,60.0,270.0,269.97,299.99,10000.0,1881.62081,255.0,49732,3594,1
319.0,50.0,270.0,270.0,300.0,10000.0,4159.0481,255.0,894353,79827,1
308.0,50.0,270.0,269.99,300.0,10000.0,4157.52435,255.0,159311,10676,1
200.0,141.0,270.0,270.0,300.0,10000.0,4153.24228,255.0,300522,22135,1
215.0,143.0,270.0,270.0,300.0,10000.0,4164.236,255.0,1189198,109137,1
349.0,186.0,270.0,270.0,300.0,10000.0,4151.1054,255.0,493768,44749,1
200.0,208.0,270.0,270.0,300.0,10000.0,4157.82709,255.0,214396,18436,1
200.0,50.0,270.0,269.99,299.99,10000.0,4157.52005,255.0,115890,8558,1
200.0,213.0,270.0,269.99,300.0,10000.0,3693.20821,255.0,154097,13301,1
200.0,100.0,269.99,270.0,300.0,10000.0,4157.52533,170.0,220929,20807,1
302.0,50.0,269.99,270.0,300.0,10000.0,2797.97039,255.0,57828,4058,1
210.0,200.0,269.97,270.0,299.99,12000.0,4162.18639,255.0,72389,3571,1
210.0,60.0,270.0,269.98,299.99,12000.0,2171.86305,255.0,24263,1579,1
215.0,50.0,269.77,269.98,299.3,9988.0,443.05519,0.0,958,110,1
343.0,207.0,270.0,270.0,300.0,10000.0,4160.7245,255.0,947516,79870,1
210.0,152.0,269.99,270.0,299.99,10000.0,4159.7346,255.0,246377,17281,1
200.0,177.0,270.0,269.99,300.0,10000.0,4159.77857,170.0,90399,13603,1
353.0,60.0,270.0,270.0,300.0,10000.0,4165.61457,170.0,866269,50841,1
350.0,60.0,270.0,270.0,300.0,10000.0,4163.27042,255.0,866269,50767,1
210.0,164.0,270.0,270.0,300.0,10000.0,4163.75386,255.0,296255,23017,1
334.0,55.0,270.0,270.0,299.97,10000.0,4158.42438,255.0,48099,2676,1
210.0,60.0,270.0,270.0,299.99,10000.0,1881.60916,255.0,49739,3633,1
283.0,50.0,269.97,270.0,299.99,9998.0,4169.5719,255.0,65511,2926,1
210.0,60.0,270.0,270.0,300.0,10000.0,4157.72767,255.0,499928,48093,1
324.0,60.0,270.0,270.0,300.0,10000.0,4157.52269,255.0,390512,26806,1
200.0,50.0,270.0,270.0,300.0,10000.0,4162.56346,255.0,803199,63427,1
210.0,55.0,270.0,270.0,300.0,10000.0,4162.5382,255.0,1102430,84938,1
200.0,50.0,270.0,270.0,300.0,10000.0,4162.53488,255.0,1043211,77452,1
205.0,140.0,269.99,269.98,299.98,10000.0,4156.13397,255.0,72135,4219,1
210.0,55.0,270.0,270.0,300.0,10000.0,4162.53551,255.0,781548,66943,1
205.0,195.0,269.96,269.97,299.92,9994.0,661.6473,255.0,4439,298,1
200.0,50.0,269.89,269.71,299.98,9995.0,651.39757,255.0,5227,352,1
205.0,50.0,270.0,270.0,300.0,10000.0,4162.52266,255.0,819740,75954,1
228.0,50.0,270.0,270.0,300.0,10000.0,4157.54227,255.0,675515,52635,1
326.0,60.0,270.0,270.0,299.99,10000.0,2113.93141,255.0,130843,9150,1
215.0,60.0,270.0,269.99,300.0,10000.0,2148.53441,255.0,141858,11010,1
325.0,60.0,269.99,269.99,300.0,9999.0,2046.91429,255.0,19590,1265,1
200.0,50.0,269.98,270.0,299.97,10000.0,3957.6823,255.0,15883,1151,1
210.0,60.0,270.0,270.0,300.0,10000.0,4164.21552,255.0,186084,13118,1
210.0,201.0,269.99,270.0,300.0,10000.0,4158.74593,255.0,132494,10790,1
345.0,156.0,269.99,270.0,299.98,9999.0,4162.54672,255.0,50981,2425,1
200.0,60.0,270.0,270.0,300.0,10000.0,4160.78229,255.0,640976,35799,1
210.0,60.0,270.0,270.0,299.99,10000.0,2183.89268,255.0,54597,3951,1
323.0,158.0,270.0,269.99,299.99,10000.0,4158.33975,255.0,92870,5035,1
315.0,203.0,270.0,270.0,300.0,10000.0,4157.83846,255.0,268563,24806,1
215.0,60.0,270.0,269.99,299.99,10000.0,4157.80036,255.0,111922,5732,1
215.0,60.0,269.99,269.99,300.0,10000.0,4158.47553,170.0,102335,6574,1
343.0,55.0,270.0,269.99,300.0,10000.0,4161.58829,255.0,67689,4774,1
200.0,183.0,270.0,270.0,300.0,10000.0,4163.03561,255.0,530253,20548,1
210.0,197.0,270.0,270.0,300.0,10000.0,4162.52365,255.0,242535,15024,1
200.0,202.0,270.0,270.0,300.0,10000.0,4161.7162,255.0,1427650,140125,1
200.0,60.0,269.99,270.0,299.99,9999.0,4157.99647,255.0,59277,4391,1
200.0,214.0,270.0,270.0,299.99,9998.0,4159.04038,170.0,47284,3901,1
200.0,60.0,269.99,270.0,299.98,10000.0,4160.53251,255.0,30229,2567,1
200.0,60.0,270.0,270.0,300.0,10000.0,4159.76949,255.0,252470,23378,1
329.0,60.0,270.0,270.0,300.0,10000.0,4161.85909,255.0,740662,64344,1
200.0,164.0,269.99,270.0,299.98,9999.0,4156.22561,255.0,62341,5198,1
200.0,178.0,270.0,269.99,300.0,9998.0,4154.54894,255.0,44024,3516,1
200.0,60.0,270.0,269.99,300.0,10000.0,4159.01892,255.0,140111,10671,1
200.0,175.0,269.98,269.99,299.96,10000.0,4154.40671,255.0,50490,4473,1
360.0,60.0,269.98,269.83,299.84,9999.0,1583.61153,255.0,5697,477,1
200.0,60.0,269.98,270.0,299.97,10000.0,4157.90035,255.0,35644,3082,1
342.0,60.0,269.99,269.97,299.98,10000.0,376.9878,255.0,15699,1359,1
200.0,60.0,270.0,270.0,300.0,10000.0,4160.03475,255.0,475638,46212,1
200.0,60.0,270.0,269.99,299.99,10000.0,4163.24632,255.0,105056,9552,1
343.0,60.0,270.0,269.99,299.99,10000.0,4158.35321,255.0,47832,3989,1
348.0,60.0,270.0,269.96,299.99,10000.0,4156.02421,255.0,27586,2357,1
200.0,60.0,270.0,270.0,299.98,10000.0,4157.328,170.0,59257,4348,1
200.0,60.0,269.97,270.0,300.0,10000.0,4158.30672,170.0,58024,4659,1
359.0,188.0,269.99,270.0,300.0,10000.0,4157.68339,255.0,45789,3777,1
200.0,60.0,269.97,269.99,299.99,10000.0,4157.08793,170.0,28181,1972,1
200.0,165.0,269.99,269.99,300.0,10000.0,4157.54008,255.0,41528,3274,1
210.0,60.0,270.0,270.0,300.0,10000.0,4165.03565,255.0,1237157,114217,1
210.0,196.0,270.0,270.0,300.0,10000.0,4167.57733,255.0,1257467,114883,1
210.0,60.0,270.0,270.0,300.0,10000.0,4165.91042,255.0,1870699,172782,1
210.0,60.0,270.0,269.99,299.99,10000.0,4164.12456,255.0,191444,10750,1
200.0,171.0,269.98,270.0,300.0,9999.0,1913.2109,255.0,53796,3778,1
200.0,50.0,270.0,270.0,300.0,10000.0,4162.57838,170.0,574107,40807,1
206.9,161.0,270.0,270.0,300.0,10000.0,4162.57516,255.0,441862,38388,1
206.9,151.0,270.0,270.0,300.0,10000.0,4157.63442,255.0,150307,12949,1
343.0,219.0,270.0,270.0,299.99,10000.0,4157.61034,255.0,150283,12957,1
210.0,50.0,270.0,270.0,299.99,10000.0,4162.5235,255.0,290428,20397,1
200.0,60.0,270.0,270.0,299.97,9998.0,4157.65676,255.0,89907,4947,1
210.0,60.0,269.98,269.98,299.99,10000.0,1666.04919,255.0,23055,1960,1
210.0,167.0,270.0,270.0,300.0,10000.0,4157.54365,255.0,277477,25372,1
323.0,60.0,269.95,270.0,299.99,9998.0,4160.30691,255.0,18961,1057,1
345.0,200.0,270.0,270.0,300.0,10000.0,4157.70878,255.0,147191,8351,1
210.0,184.0,263.77,268.8,298.83,9751.0,85.95077,0.0,229,13,1
200.0,50.0,270.0,270.0,300.0,10000.0,4158.47637,255.0,130422,9001,1
325.0,50.0,269.99,270.0,300.0,10000.0,4157.85239,255.0,68325,3528,1
287.0,60.0,269.99,270.0,300.0,10000.0,2980.72066,255.0,189658,17425,1
200.0,60.0,270.0,269.98,300.0,10000.0,4157.51881,255.0,81782,5859,1
200.0,181.0,269.99,269.99,299.99,9999.0,2098.51598,255.0,92476,7580,1
200.0,50.0,270.0,270.0,300.0,10000.0,4162.92415,127.5,252525,17395,1
312.0,60.0,269.99,270.0,299.99,10000.0,4158.63541,255.0,71723,3007,1
210.0,60.0,270.0,269.99,299.99,10000.0,1406.55588,255.0,39643,2896,1
210.0,175.0,270.0,270.0,300.0,10000.0,4157.529,255.0,146559,11845,1
210.0,207.0,269.99,270.0,300.0,10000.0,2192.6998,255.0,55453,4554,1
210.0,60.0,269.99,269.99,299.99,10000.0,1953.36454,170.0,70779,5462,1
210.0,60.0,270.0,270.0,300.0,10000.0,4162.58454,255.0,448263,28361,1
314.0,60.0,270.0,270.0,300.0,10000.0,4158.51678,255.0,145097,10702,1
210.0,215.0,270.0,270.0,300.0,10000.0,4159.13483,255.0,961315,85001,1
281.0,60.0,270.0,269.98,299.98,9998.0,497.01911,170.0,13922,859,1
210.0,60.0,269.98,270.0,299.98,9999.0,4165.88667,255.0,58490,2924,1
347.0,50.0,270.0,270.0,300.0,10000.0,4164.38117,255.0,513547,43544,1
210.0,176.0,269.91,269.96,299.86,9994.0,238.04622,255.0,6135,536,1
210.0,50.0,269.97,269.93,299.91,9994.0,239.80883,170.0,6135,551,1
200.0,50.0,269.99,269.99,300.0,9996.0,695.45866,255.0,29932,2778,1
200.0,50.0,270.0,269.95,299.94,10000.0,575.42057,255.0,15619,1441,1
317.0,50.0,270.0,270.0,300.0,10000.0,4163.90374,255.0,468757,37851,1
210.0,158.0,270.0,270.0,300.0,10000.0,4162.55243,255.0,155830,11685,1
200.0,50.0,269.99,270.0,299.99,10000.0,2428.61889,255.0,20178,1170,1
327.0,60.0,270.0,270.0,300.0,10000.0,4162.18741,255.0,318860,25860,1
215.0,60.0,270.0,270.0,300.0,10000.0,4161.66633,255.0,223554,19334,1
350.0,202.0,270.0,270.0,299.98,9999.0,1879.14517,170.0,49820,3653,1
329.0,60.0,270.0,270.0,300.0,10000.0,4159.59599,255.0,835545,79635,1
287.0,173.0,270.0,269.96,299.99,9999.0,3126.33123,170.0,40241,3195,1
300.0,60.0,269.98,269.99,300.0,10000.0,3016.37792,255.0,29889,2225,1
210.0,60.0,269.98,270.0,299.98,10000.0,2006.10286,255.0,26127,2020,1
210.0,170.0,269.96,270.0,299.96,9999.0,2479.24957,255.0,26986,2130,1
313.0,60.0,269.98,269.97,299.99,9999.0,3148.75489,255.0,41434,3150,1
210.0,60.0,269.99,269.99,300.0,10000.0,4164.41401,255.0,143743,11457,1
210.0,206.0,270.0,269.99,300.0,10000.0,4157.67032,255.0,256278,21657,1
210.0,202.0,269.98,269.99,299.99,10000.0,4158.04704,255.0,75622,5680,1
357.0,185.0,269.99,269.97,299.99,10000.0,862.5826,85.0,23128,1871,1
210.0,175.0,270.0,269.97,300.0,9998.0,805.57505,255.0,17208,1520,1
296.0,60.0,270.0,270.0,300.0,10000.0,4162.89429,255.0,214830,14416,1
215.0,215.0,270.0,270.0,300.0,10000.0,4162.79958,170.0,476116,37802,1
302.0,60.0,270.0,270.0,300.0,10000.0,4155.05626,255.0,200145,13650,1
210.0,60.0,270.0,270.0,300.0,10000.0,2191.50956,255.0,61158,4550,1
210.0,162.0,270.0,270.0,300.0,10000.0,4157.72175,255.0,444660,27935,1
210.0,60.0,270.0,269.99,300.0,10000.0,4156.88075,255.0,249189,17106,1
359.0,62.0,270.0,270.0,300.0,10000.0,1655.65013,255.0,120006,10705,1
210.0,50.0,269.99,269.98,299.94,10000.0,4155.32365,255.0,19354,1235,1
200.0,50.0,270.0,270.0,300.0,10000.0,4162.52776,255.0,264660,125022,1
210.0,60.0,270.0,270.0,300.0,10000.0,4162.68307,255.0,181776,20495,1
200.0,50.0,267.56,269.66,298.45,9861.0,53.02209,255.0,1060,67,1
200.0,60.0,269.9,270.0,299.94,9997.0,1647.72019,255.0,13319,752,1
354.0,202.0,269.99,270.0,300.0,10000.0,4162.53975,255.0,397995,31992,1
210.0,60.0,270.0,270.0,300.0,10000.0,4157.69735,255.0,396364,31796,1
333.0,60.0,270.0,269.99,299.97,9998.0,4157.74695,255.0,75457,4805,1
205.0,60.0,269.97,269.99,300.0,10000.0,3658.29257,255.0,68264,5187,1
344.0,50.0,269.99,269.99,300.0,10000.0,4153.70943,255.0,75078,4423,1
200.0,50.0,270.0,269.99,299.98,10000.0,1793.64553,255.0,45029,3394,1
210.0,60.0,269.98,269.99,299.98,10000.0,3010.80785,170.0,43954,3345,1
200.0,60.0,269.99,270.0,299.99,9999.0,779.04914,255.0,32686,2136,1
341.0,50.0,269.93,269.96,300.0,9999.0,770.32916,255.0,27530,2043,1
210.0,60.0,269.99,269.99,300.0,10000.0,4161.89684,255.0,168214,8329,1
210.0,60.0,269.98,270.0,300.0,10000.0,2380.1318,255.0,31954,2395,1
210.0,60.0,270.0,270.0,300.0,10000.0,4158.37835,255.0,2161339,145545,1
302.0,166.0,270.0,270.0,299.99,9997.0,4158.41411,255.0,54449,2911,1
210.0,50.0,270.0,269.99,299.99,10000.0,4162.58381,170.0,241621,13978,1
210.0,146.0,269.99,269.99,300.0,10000.0,4159.54717,255.0,69607,5556,1
349.0,60.0,270.0,270.0,300.0,10000.0,4163.16004,255.0,404435,26552,1
210.0,170.0,270.0,270.0,300.0,10000.0,4159.12239,255.0,409450,27059,1
338.0,154.0,269.99,269.98,299.99,10000.0,4163.13383,255.0,35836,2371,1
210.0,55.0,270.0,269.89,300.0,10000.0,3776.99143,255.0,16671,894,1
210.0,166.0,270.0,270.0,299.99,10000.0,4157.88011,255.0,145435,8081,1
210.0,60.0,269.99,270.0,300.0,10000.0,4157.89202,255.0,108011,10052,1
210.0,164.0,269.99,270.0,299.96,9999.0,4158.81159,255.0,25504,2062,1
210.0,57.0,269.95,269.96,299.99,10000.0,4159.54746,255.0,33638,2830,1
200.0,50.0,269.93,269.84,299.94,9999.0,145.95507,255.0,3240,212,1
326.0,50.0,270.0,270.0,300.0,10000.0,1322.98914,170.0,114292,9243,1
205.0,203.0,269.99,269.99,299.99,10000.0,1321.11687,255.0,27209,1842,1
210.0,60.0,269.95,269.99,299.99,9998.0,381.26704,255.0,20154,1696,1
320.0,60.0,270.0,270.0,300.0,10000.0,4157.53431,255.0,743096,66488,1
0.0,0.0,269.99,270.0,299.99,10000.0,10007.07143,255.0,110230,5934,1
210.0,216.0,270.0,269.99,299.98,10000.0,3285.58265,255.0,110236,8574,1
347.0,60.0,269.99,269.99,300.0,10000.0,3934.71283,255.0,127433,9723,1
205.0,208.0,269.99,269.94,299.96,9994.0,343.49496,255.0,24499,1939,1
333.0,100.0,269.98,270.0,299.96,10000.0,1480.2689,170.0,26744,2249,1
321.0,154.0,269.67,269.6,299.75,9991.0,309.79794,255.0,2206,143,1
200.0,50.0,269.96,269.46,300.0,9996.0,309.3865,255.0,2206,140,1
210.0,163.0,270.0,270.0,300.0,10000.0,2096.72711,255.0,55110,4593,1
210.0,55.0,269.83,269.27,299.69,9992.0,1074.93698,255.0,4380,245,1
348.0,193.0,269.99,269.99,299.98,10000.0,4158.94041,255.0,37225,1534,1
200.0,50.0,270.0,270.0,300.0,10000.0,4163.63658,170.0,161398,10258,1
291.0,179.0,269.87,270.0,299.82,9993.0,1037.45091,255.0,3795,243,1
319.0,219.0,269.99,269.99,299.96,9999.0,2074.23955,255.0,16348,978,1
200.0,187.0,269.99,269.99,299.99,10000.0,4157.19917,255.0,68483,4645,1
200.0,50.0,269.57,269.98,298.87,9959.0,170.33332,255.0,1575,104,1
297.0,55.0,269.99,269.99,300.0,10000.0,4157.84798,170.0,84472,6645,1
210.0,55.0,269.99,269.99,300.0,10000.0,4157.84798,255.0,84472,6476,1
325.0,50.0,269.96,269.87,299.99,9976.0,170.33332,255.0,1575,78,1
200.0,50.0,269.99,269.94,300.0,9980.0,3174.02342,255.0,12657,563,1
329.0,55.0,269.96,269.97,299.96,9996.0,1256.21082,255.0,15038,1031,1
210.0,150.0,269.99,269.92,300.0,9996.0,2663.07312,255.0,31920,1965,1
210.0,60.0,269.58,269.94,299.75,9997.0,107.44747,255.0,7514,543,1
210.0,219.0,269.8,269.99,299.97,9998.0,3436.15477,255.0,6290,347,1
317.0,142.0,269.99,270.0,299.96,9999.0,2692.8013,255.0,39851,2884,1
210.0,60.0,270.0,270.0,300.0,10000.0,4158.35826,255.0,112614,6822,1
302.0,60.0,270.0,270.0,300.0,10000.0,4157.55187,255.0,187325,15367,1
210.0,60.0,269.97,269.98,299.99,10000.0,4164.28671,255.0,60172,2239,1
210.0,60.0,270.0,270.0,300.0,10000.0,4155.09506,255.0,143184,10272,1
210.0,177.0,270.0,270.0,300.0,10000.0,4157.75434,255.0,291830,26423,1
200.0,50.0,269.98,270.0,299.99,9999.0,4161.24847,255.0,75448,4737,1
210.0,171.0,270.0,270.0,300.0,10000.0,4161.97644,255.0,377795,33341,1
344.0,60.0,270.0,269.98,300.0,10000.0,2152.36309,255.0,69100,4591,1
210.0,60.0,269.99,269.95,300.0,10000.0,950.32513,170.0,31880,2327,1
210.0,165.0,269.99,269.99,299.97,9996.0,599.14325,255.0,16367,1056,1
